-63_6__-10_0_2018-07-25.jpg,566,29,659,95,legal
-59_2__2_23_2020-09-12.jpg,479,14,1000,823,legal
-63_4__-9_92_2018-07-25.jpg,375,505,388,532,legal
-56_24__-2_54_2020-09-06.jpg,46,1,486,825,legal
-63_48__-9_88_2018-07-25.jpg,1,357,15,375,legal
-59_2__2_19_2020-09-12.jpg,120,215,434,805,legal
-56_2__-2_54_2020-09-06.jpg,501,1,1000,397,legal
-63_44__-10_04_2018-07-25.jpg,143,39,220,107,legal
-63_6__-10_0_2018-07-25.jpg,637,859,680,890,legal
-63_48__-9_96_2018-07-25.jpg,207,467,256,532,legal
-63_4__-10_04_2018-07-25.jpg,35,248,60,268,legal
-63_56__-9_92_2018-07-25.jpg,76,126,111,182,legal
-63_36__-9_92_2018-07-25.jpg,376,670,402,713,legal
-63_52__-10_0_2018-07-25.jpg,398,303,438,339,legal
-63_44__-9_96_2018-07-25.jpg,858,800,964,1000,legal
-63_4__-10_04_2018-07-25.jpg,288,377,328,417,legal
-63_6__-10_04_2018-07-25.jpg,814,970,846,1000,legal
-63_48__-10_04_2018-07-25.jpg,877,506,945,561,legal
-63_4__-10_0_2018-07-25.jpg,929,917,1000,1000,legal
-63_56__-9_88_2018-07-25.jpg,245,638,370,681,legal
-63_36__-9_92_2018-07-25.jpg,232,400,256,419,legal
-63_56__-9_88_2018-07-25.jpg,554,128,608,341,legal
-63_36__-10_08_2018-07-25.jpg,1,1,88,143,legal
-63_44__-9_88_2018-07-25.jpg,510,910,527,928,legal
-63_52__-9_92_2018-07-25.jpg,969,253,1000,289,legal
-63_48__-10_08_2018-07-25.jpg,622,134,642,152,legal
-63_4__-10_0_2018-07-25.jpg,711,809,814,936,legal
-63_6__-9_88_2018-07-25.jpg,395,128,565,251,legal
-63_56__-10_08_2018-07-25.jpg,69,112,114,151,legal
-63_4__-9_88_2018-07-25.jpg,814,319,834,350,legal
-63_4__-10_04_2018-07-25.jpg,954,105,976,152,legal
-59_2__2_19_2020-09-12.jpg,297,802,434,1000,legal
-63_36__-10_08_2018-07-25.jpg,548,713,801,890,legal
-63_56__-9_88_2018-07-25.jpg,498,759,587,843,legal
-63_56__-10_08_2018-07-25.jpg,7,908,147,984,legal
-63_48__-10_04_2018-07-25.jpg,638,171,730,219,legal
-63_52__-9_88_2018-07-25.jpg,171,751,192,777,legal
-63_36__-10_0_2018-07-25.jpg,334,181,384,244,legal
-63_6__-9_88_2018-07-25.jpg,19,177,273,288,legal
-63_56__-9_92_2018-07-25.jpg,515,378,683,440,legal
-63_6__-10_04_2018-07-25.jpg,164,1,253,73,legal
-63_36__-9_92_2018-07-25.jpg,522,118,588,144,legal
-63_52__-9_92_2018-07-25.jpg,274,463,403,643,legal
-63_6__-9_92_2018-07-25.jpg,894,528,920,585,legal
-63_4__-9_92_2018-07-25.jpg,979,532,1000,551,legal
-63_6__-9_96_2018-07-25.jpg,361,123,404,141,legal
-63_36__-9_96_2018-07-25.jpg,265,779,405,941,legal
-63_44__-10_08_2018-07-25.jpg,58,111,341,630,legal
-63_4__-10_08_2018-07-25.jpg,495,66,584,106,legal
-59_2__2_19_2020-09-12.jpg,544,734,861,998,legal
-63_56__-9_92_2018-07-25.jpg,244,254,315,344,legal
-63_36__-10_0_2018-07-25.jpg,948,442,964,464,legal
-59_2__2_23_2020-09-12.jpg,256,232,346,329,legal
-63_36__-9_92_2018-07-25.jpg,1,264,41,338,legal
-63_44__-10_04_2018-07-25.jpg,285,853,594,1000,legal
-63_48__-10_0_2018-07-25.jpg,364,614,629,814,legal
-63_4__-10_0_2018-07-25.jpg,701,384,766,409,legal
-56_2__-2_58_2020-09-06.jpg,610,1,1000,410,legal
-63_44__-10_04_2018-07-25.jpg,825,202,859,245,legal
-63_4__-10_04_2018-07-25.jpg,447,19,489,132,legal
-63_56__-9_92_2018-07-25.jpg,705,469,782,697,legal
-63_36__-10_08_2018-07-25.jpg,785,702,901,1000,legal
-63_44__-10_0_2018-07-25.jpg,604,169,752,236,legal
-63_36__-10_04_2018-07-25.jpg,321,655,385,704,legal
-63_36__-10_0_2018-07-25.jpg,17,496,59,548,legal
-63_4__-10_08_2018-07-25.jpg,722,1,784,33,legal
-63_6__-9_96_2018-07-25.jpg,303,642,317,654,legal
-63_44__-10_04_2018-07-25.jpg,437,20,460,56,legal
-63_36__-9_96_2018-07-25.jpg,725,421,909,583,legal
-63_36__-9_88_2018-07-25.jpg,282,198,345,252,legal
-63_6__-10_04_2018-07-25.jpg,600,178,677,217,legal
-63_52__-9_88_2018-07-25.jpg,908,345,1000,388,legal
-63_52__-10_08_2018-07-25.jpg,362,44,396,115,legal
-63_6__-10_08_2018-07-25.jpg,861,197,1000,282,legal
-63_56__-10_0_2018-07-25.jpg,128,753,173,878,legal
-63_44__-10_0_2018-07-25.jpg,408,439,652,751,legal
-59_2__2_19_2020-09-12.jpg,860,253,1000,363,legal
-63_52__-9_92_2018-07-25.jpg,599,283,625,313,legal
-63_4__-10_08_2018-07-25.jpg,875,656,925,740,legal
-63_48__-9_96_2018-07-25.jpg,1,168,154,421,legal
-63_56__-10_08_2018-07-25.jpg,908,130,992,168,legal
-63_6__-10_08_2018-07-25.jpg,177,574,216,594,legal
-63_6__-9_96_2018-07-25.jpg,131,521,138,530,legal
-56_24__-2_5_2020-09-06.jpg,25,921,181,1000,legal
-63_6__-9_96_2018-07-25.jpg,221,526,232,540,legal
-63_44__-10_08_2018-07-25.jpg,641,667,1000,851,legal
-63_4__-10_0_2018-07-25.jpg,436,358,497,471,legal
-63_52__-10_08_2018-07-25.jpg,148,334,167,374,legal
-63_44__-9_92_2018-07-25.jpg,692,210,791,250,legal
-63_56__-10_08_2018-07-25.jpg,715,88,757,119,legal
-63_52__-10_08_2018-07-25.jpg,5,639,59,654,legal
-63_6__-10_08_2018-07-25.jpg,745,451,759,467,legal
-63_56__-10_08_2018-07-25.jpg,337,152,404,221,legal
-63_56__-9_88_2018-07-25.jpg,248,125,299,199,legal
-63_36__-9_96_2018-07-25.jpg,106,628,138,740,legal
-63_6__-10_0_2018-07-25.jpg,829,11,849,52,legal
-63_52__-10_0_2018-07-25.jpg,263,429,280,449,legal
-63_56__-9_96_2018-07-25.jpg,406,563,454,606,legal
-56_16__-2_58_2020-09-06.jpg,1,1,23,18,legal
-63_56__-9_88_2018-07-25.jpg,614,26,630,58,legal
-63_44__-10_04_2018-07-25.jpg,583,885,700,1000,legal
-63_36__-10_04_2018-07-25.jpg,867,475,875,487,legal
-63_36__-9_88_2018-07-25.jpg,237,911,296,996,legal
-63_48__-9_92_2018-07-25.jpg,831,524,850,553,legal
-63_48__-9_88_2018-07-25.jpg,746,328,831,440,legal
-63_52__-10_0_2018-07-25.jpg,428,547,462,582,legal
-63_48__-10_08_2018-07-25.jpg,422,642,488,671,legal
-63_48__-10_04_2018-07-25.jpg,918,934,976,996,legal
-63_6__-9_92_2018-07-25.jpg,211,430,229,446,legal
-63_4__-10_08_2018-07-25.jpg,37,459,63,495,legal
-63_48__-9_88_2018-07-25.jpg,403,576,452,603,legal
-63_4__-10_0_2018-07-25.jpg,641,988,663,1000,legal
-63_52__-10_08_2018-07-25.jpg,531,182,549,199,legal
-63_44__-10_0_2018-07-25.jpg,1,75,462,253,legal
-63_4__-10_04_2018-07-25.jpg,965,950,1000,1000,legal
-63_36__-9_88_2018-07-25.jpg,323,810,404,873,legal
-63_4__-10_08_2018-07-25.jpg,50,361,87,417,legal
-63_44__-10_04_2018-07-25.jpg,1,219,370,803,legal
-63_44__-9_96_2018-07-25.jpg,256,633,317,759,legal
-63_44__-10_04_2018-07-25.jpg,761,69,797,89,legal
-63_56__-10_08_2018-07-25.jpg,787,137,802,167,legal
-63_36__-10_08_2018-07-25.jpg,750,565,770,605,legal
-63_48__-9_92_2018-07-25.jpg,364,391,431,415,legal
-63_44__-10_08_2018-07-25.jpg,899,440,976,540,legal
-63_44__-10_08_2018-07-25.jpg,825,640,953,690,legal
-63_36__-10_0_2018-07-25.jpg,308,255,356,297,legal
-63_56__-9_96_2018-07-25.jpg,786,683,849,729,legal
-63_4__-10_0_2018-07-25.jpg,450,616,476,645,legal
-63_6__-10_08_2018-07-25.jpg,885,869,905,903,legal
-63_36__-9_92_2018-07-25.jpg,187,794,207,856,legal
-63_6__-10_0_2018-07-25.jpg,325,512,341,527,legal
-63_56__-9_96_2018-07-25.jpg,313,524,329,560,legal
-63_48__-10_0_2018-07-25.jpg,95,833,149,1000,legal
-63_44__-10_04_2018-07-25.jpg,792,889,944,968,legal
-63_52__-9_92_2018-07-25.jpg,763,816,801,858,legal
-63_6__-9_96_2018-07-25.jpg,746,921,808,1000,legal
-63_4__-10_0_2018-07-25.jpg,494,605,602,692,legal
-63_36__-10_04_2018-07-25.jpg,679,124,700,139,legal
-63_48__-10_0_2018-07-25.jpg,507,469,566,507,legal
-63_52__-10_04_2018-07-25.jpg,1,1,32,48,legal
-56_2__-2_5_2020-09-06.jpg,785,290,1000,600,legal
-63_44__-9_92_2018-07-25.jpg,875,796,968,954,legal
-63_48__-9_92_2018-07-25.jpg,127,544,355,962,legal
-56_2__-2_5_2020-09-06.jpg,552,853,834,1000,legal
-63_36__-10_04_2018-07-25.jpg,532,660,811,962,legal
-63_6__-10_08_2018-07-25.jpg,169,221,220,251,legal
-63_48__-9_96_2018-07-25.jpg,82,741,265,871,legal
-63_36__-9_88_2018-07-25.jpg,623,257,711,375,legal
-63_44__-9_88_2018-07-25.jpg,117,342,438,504,legal
-63_4__-10_04_2018-07-25.jpg,685,845,967,1000,legal
-63_36__-9_92_2018-07-25.jpg,637,498,662,555,legal
-63_4__-10_04_2018-07-25.jpg,952,54,964,66,legal
-63_4__-9_92_2018-07-25.jpg,668,350,685,397,legal
-63_56__-9_96_2018-07-25.jpg,82,973,94,1000,legal
-63_48__-10_0_2018-07-25.jpg,618,1,1000,517,legal
-63_44__-10_0_2018-07-25.jpg,354,1,460,46,legal
-63_6__-9_96_2018-07-25.jpg,100,321,117,347,legal
-59_2__2_15_2020-09-12.jpg,196,1,353,287,legal
-63_4__-10_0_2018-07-25.jpg,478,217,518,369,legal
-63_4__-10_08_2018-07-25.jpg,8,33,137,103,legal
-63_6__-10_0_2018-07-25.jpg,778,739,815,784,legal
-63_36__-9_96_2018-07-25.jpg,1,269,48,363,legal
-63_44__-10_0_2018-07-25.jpg,716,1,939,301,legal
-63_44__-10_08_2018-07-25.jpg,789,447,839,578,legal
-63_36__-10_04_2018-07-25.jpg,470,540,746,633,legal
-63_4__-10_04_2018-07-25.jpg,679,24,830,303,legal
-63_4__-10_04_2018-07-25.jpg,592,312,941,800,legal
-63_44__-10_04_2018-07-25.jpg,748,796,801,864,legal
-63_52__-10_08_2018-07-25.jpg,209,1,286,169,legal
-63_6__-10_0_2018-07-25.jpg,558,168,577,184,legal
-63_6__-9_88_2018-07-25.jpg,337,598,358,624,legal
-56_24__-2_5_2020-09-06.jpg,754,549,1000,1000,legal
-63_4__-10_08_2018-07-25.jpg,509,803,757,868,legal
-63_44__-9_92_2018-07-25.jpg,175,463,252,528,legal
-63_52__-9_92_2018-07-25.jpg,668,573,705,603,legal
-63_48__-9_92_2018-07-25.jpg,512,374,636,429,legal
-63_36__-10_0_2018-07-25.jpg,830,385,847,418,legal
-63_44__-10_04_2018-07-25.jpg,1,135,67,157,legal
-63_44__-10_04_2018-07-25.jpg,1,867,273,1000,legal
-63_52__-9_92_2018-07-25.jpg,294,89,319,107,legal
-59_2__2_19_2020-09-12.jpg,364,160,488,210,legal
-63_4__-10_08_2018-07-25.jpg,20,642,243,787,legal
-63_44__-10_0_2018-07-25.jpg,212,238,304,419,legal
-63_6__-9_88_2018-07-25.jpg,388,706,417,736,legal
-63_4__-10_0_2018-07-25.jpg,546,881,575,946,legal
-63_56__-10_08_2018-07-25.jpg,869,1,945,75,legal
-63_44__-10_0_2018-07-25.jpg,184,914,245,974,legal
-63_48__-9_92_2018-07-25.jpg,46,497,56,512,legal
-63_4__-10_0_2018-07-25.jpg,428,905,496,958,legal
-63_4__-9_88_2018-07-25.jpg,553,314,594,332,legal
-59_2__2_19_2020-09-12.jpg,441,13,733,698,legal
-63_36__-10_0_2018-07-25.jpg,49,975,71,1000,legal
-63_52__-10_0_2018-07-25.jpg,921,537,991,614,legal
-63_52__-10_08_2018-07-25.jpg,406,345,435,358,legal
-63_36__-10_04_2018-07-25.jpg,1,407,264,1000,legal
-63_36__-10_08_2018-07-25.jpg,160,446,639,1000,legal
-63_44__-10_04_2018-07-25.jpg,181,158,229,212,legal
-59_16__2_19_2020-09-12.jpg,98,4,133,32,legal
-63_6__-9_96_2018-07-25.jpg,503,126,539,142,legal
-63_48__-10_04_2018-07-25.jpg,46,7,306,215,legal
-63_44__-10_08_2018-07-25.jpg,628,167,745,238,legal
-63_36__-10_0_2018-07-25.jpg,256,201,269,212,legal
-63_4__-10_04_2018-07-25.jpg,106,278,122,326,legal
-63_36__-10_04_2018-07-25.jpg,386,893,563,1000,legal
-63_52__-10_0_2018-07-25.jpg,606,868,678,911,legal
-63_52__-9_92_2018-07-25.jpg,553,885,648,975,legal
-63_36__-10_04_2018-07-25.jpg,822,520,865,591,legal
-63_4__-10_08_2018-07-25.jpg,227,571,441,739,legal
-63_6__-9_88_2018-07-25.jpg,777,870,800,906,legal
-63_36__-10_04_2018-07-25.jpg,239,64,634,279,legal
-63_48__-9_96_2018-07-25.jpg,507,425,739,534,legal
-63_44__-10_08_2018-07-25.jpg,494,255,550,314,legal
-63_6__-10_08_2018-07-25.jpg,194,635,205,664,legal
-63_4__-9_92_2018-07-25.jpg,277,809,292,836,legal
-63_36__-9_96_2018-07-25.jpg,234,890,259,921,legal
-63_56__-10_04_2018-07-25.jpg,16,458,39,481,legal
-63_36__-9_96_2018-07-25.jpg,1,192,163,261,legal
-63_4__-10_08_2018-07-25.jpg,754,85,907,248,legal
-63_44__-9_88_2018-07-25.jpg,498,476,535,501,legal
-56_16__-2_54_2020-09-06.jpg,1,209,869,1000,legal
-63_48__-9_96_2018-07-25.jpg,326,642,467,733,legal
-63_56__-9_96_2018-07-25.jpg,162,564,177,593,legal
-63_4__-10_04_2018-07-25.jpg,268,441,289,458,legal
-63_56__-10_0_2018-07-25.jpg,69,677,122,703,legal
-63_36__-10_0_2018-07-25.jpg,548,832,594,863,legal
-63_56__-10_0_2018-07-25.jpg,341,724,443,841,legal
-63_4__-10_08_2018-07-25.jpg,1,770,18,794,legal
-56_2__-2_54_2020-09-06.jpg,1,1,198,94,legal
-59_16__2_19_2020-09-12.jpg,153,654,215,728,legal
-63_4__-9_96_2018-07-25.jpg,970,656,995,682,legal
-59_2__2_23_2020-09-12.jpg,337,479,369,542,legal
-63_36__-9_96_2018-07-25.jpg,136,740,200,876,legal
-63_48__-9_96_2018-07-25.jpg,184,864,494,1000,legal
-63_44__-10_04_2018-07-25.jpg,701,1,827,19,legal
-63_4__-10_08_2018-07-25.jpg,575,939,734,1000,legal
-63_4__-9_88_2018-07-25.jpg,460,359,501,384,legal
-63_36__-10_0_2018-07-25.jpg,614,884,635,934,legal
-63_36__-10_04_2018-07-25.jpg,443,278,693,366,legal
-63_56__-10_04_2018-07-25.jpg,882,18,978,106,legal
-63_4__-9_96_2018-07-25.jpg,501,121,741,425,legal
-63_48__-9_96_2018-07-25.jpg,134,285,179,317,legal
-63_4__-9_92_2018-07-25.jpg,147,959,160,1000,legal
-63_4__-10_08_2018-07-25.jpg,845,775,1000,898,legal
-63_4__-10_04_2018-07-25.jpg,560,253,659,348,legal
-63_6__-10_0_2018-07-25.jpg,666,8,732,60,legal
-63_4__-10_0_2018-07-25.jpg,455,550,475,587,legal
-63_36__-9_92_2018-07-25.jpg,49,550,129,626,legal
-63_44__-10_04_2018-07-25.jpg,905,146,931,177,legal
-63_44__-10_0_2018-07-25.jpg,36,945,97,997,legal
-63_36__-9_88_2018-07-25.jpg,503,527,704,674,legal
-63_4__-10_08_2018-07-25.jpg,747,668,783,689,legal
-56_16__-2_5_2020-09-06.jpg,1,274,314,552,legal
-63_36__-9_96_2018-07-25.jpg,309,618,328,636,legal
-63_52__-9_88_2018-07-25.jpg,316,116,537,214,legal
-56_24__-2_5_2020-09-06.jpg,45,656,717,1000,legal
-63_6__-10_08_2018-07-25.jpg,669,941,687,989,legal
-63_52__-10_04_2018-07-25.jpg,223,967,291,1000,legal
-63_4__-9_92_2018-07-25.jpg,525,216,643,241,legal
-56_16__-2_5_2020-09-06.jpg,1,651,273,974,legal
-63_44__-9_92_2018-07-25.jpg,945,360,1000,424,legal
-59_2__2_23_2020-09-12.jpg,661,870,756,995,legal
-63_44__-10_04_2018-07-25.jpg,851,258,970,405,legal
-63_44__-9_92_2018-07-25.jpg,936,537,994,589,legal
-59_16__2_19_2020-09-12.jpg,1,5,633,619,legal
-63_4__-10_04_2018-07-25.jpg,318,151,370,207,legal
-63_6__-10_0_2018-07-25.jpg,167,847,224,914,legal
-63_44__-10_0_2018-07-25.jpg,510,88,556,103,legal
-56_2__-2_5_2020-09-06.jpg,1,291,750,967,legal
-63_6__-10_0_2018-07-25.jpg,392,279,418,296,legal
-59_2__2_15_2020-09-12.jpg,157,302,175,334,legal
-63_4__-9_96_2018-07-25.jpg,331,660,350,700,legal
-59_2__2_23_2020-09-12.jpg,804,894,822,950,legal
-63_44__-10_08_2018-07-25.jpg,894,316,903,340,legal
-63_52__-10_08_2018-07-25.jpg,1,481,161,548,legal
-63_48__-10_04_2018-07-25.jpg,1,502,38,525,legal
-63_36__-9_88_2018-07-25.jpg,283,864,320,913,legal
-63_44__-9_92_2018-07-25.jpg,574,276,655,308,legal
-63_36__-10_04_2018-07-25.jpg,47,374,131,428,legal
-63_56__-10_08_2018-07-25.jpg,371,41,630,174,legal
-63_4__-10_08_2018-07-25.jpg,269,906,568,1000,legal
-63_6__-10_04_2018-07-25.jpg,81,205,150,230,legal
-63_6__-10_08_2018-07-25.jpg,600,864,626,890,legal
-63_4__-9_96_2018-07-25.jpg,932,63,1000,199,legal
-63_48__-9_88_2018-07-25.jpg,756,159,821,225,legal
-63_4__-10_08_2018-07-25.jpg,912,1,1000,125,legal
-63_4__-10_0_2018-07-25.jpg,483,715,731,881,legal
-63_6__-9_88_2018-07-25.jpg,424,386,504,433,legal
-63_44__-10_08_2018-07-25.jpg,264,632,656,846,legal
-63_36__-9_88_2018-07-25.jpg,429,811,463,883,legal
-63_36__-10_04_2018-07-25.jpg,563,366,720,517,legal
-56_16__-2_58_2020-09-06.jpg,1,185,54,348,legal
-56_24__-2_54_2020-09-06.jpg,706,1,1000,81,legal
-63_48__-10_04_2018-07-25.jpg,450,6,658,175,legal
-63_6__-10_08_2018-07-25.jpg,931,43,1000,138,legal
-63_6__-10_0_2018-07-25.jpg,888,706,918,750,legal
-63_6__-9_96_2018-07-25.jpg,870,893,906,905,legal
-63_56__-9_96_2018-07-25.jpg,735,83,756,102,legal
-56_16__-2_58_2020-09-06.jpg,1,49,41,151,legal
-63_4__-10_0_2018-07-25.jpg,935,786,984,840,legal
-63_36__-9_92_2018-07-25.jpg,777,303,817,354,legal
-63_52__-9_92_2018-07-25.jpg,445,629,586,703,legal
-63_4__-10_0_2018-07-25.jpg,441,176,477,318,legal
-63_44__-10_0_2018-07-25.jpg,506,133,615,249,legal
-63_44__-10_04_2018-07-25.jpg,424,524,606,649,legal
-63_36__-10_0_2018-07-25.jpg,446,273,468,288,legal
-63_4__-9_96_2018-07-25.jpg,154,14,164,46,legal
-63_36__-9_96_2018-07-25.jpg,476,915,546,942,legal
-63_44__-10_0_2018-07-25.jpg,563,764,898,1000,legal
-63_56__-9_96_2018-07-25.jpg,303,719,316,739,legal
-63_48__-10_04_2018-07-25.jpg,506,178,592,224,legal
-63_48__-9_96_2018-07-25.jpg,621,636,1000,1000,legal
-63_48__-10_08_2018-07-25.jpg,203,461,375,675,legal
-63_36__-10_0_2018-07-25.jpg,358,281,393,417,legal
-63_52__-10_04_2018-07-25.jpg,391,530,425,582,legal
-63_4__-10_08_2018-07-25.jpg,716,236,785,352,legal
-63_52__-10_04_2018-07-25.jpg,206,34,284,75,legal
-63_36__-10_0_2018-07-25.jpg,921,331,960,352,legal
-63_52__-9_88_2018-07-25.jpg,660,61,702,165,legal
-63_52__-10_04_2018-07-25.jpg,191,345,292,403,legal
-56_16__-2_58_2020-09-06.jpg,78,1,381,142,legal
-59_16__2_19_2020-09-12.jpg,1,70,101,156,legal
-63_6__-9_96_2018-07-25.jpg,33,175,62,190,legal
-63_56__-9_88_2018-07-25.jpg,746,162,824,193,legal
-63_4__-10_08_2018-07-25.jpg,25,792,256,999,legal
-63_36__-10_08_2018-07-25.jpg,1,848,115,1000,legal
-63_44__-10_08_2018-07-25.jpg,68,1,1000,144,legal
-63_44__-10_0_2018-07-25.jpg,639,311,756,446,legal
-63_36__-9_96_2018-07-25.jpg,224,708,266,729,legal
-63_52__-9_96_2018-07-25.jpg,459,690,887,908,legal
-63_52__-9_88_2018-07-25.jpg,726,190,816,308,legal
-63_52__-10_0_2018-07-25.jpg,1,910,162,1000,legal
-63_48__-10_04_2018-07-25.jpg,767,192,1000,331,legal
-63_36__-10_04_2018-07-25.jpg,19,3,263,263,legal
-63_6__-10_08_2018-07-25.jpg,66,92,87,132,legal
-63_4__-10_08_2018-07-25.jpg,113,99,303,289,legal
