filename,width,height,xmin,ymin,xmax,ymax,class
-52_19__0_58_2019-09-24.jpg,1000,1000,349,294,383,330,illegal
-52_19__0_58_2019-09-24.jpg,1000,1000,225,83,303,133,illegal
-52_19__0_58_2019-09-24.jpg,1000,1000,763,83,784,135,illegal
-52_19__0_62_2019-09-24.jpg,1000,1000,242,573,304,631,illegal
-52_19__0_62_2019-09-24.jpg,1000,1000,1,565,73,594,illegal
-52_19__0_62_2019-09-24.jpg,1000,1000,113,618,174,657,illegal
-52_19__0_62_2019-09-24.jpg,1000,1000,161,652,189,683,illegal
-52_19__0_62_2019-09-24.jpg,1000,1000,487,680,582,763,illegal
-52_19__0_62_2019-09-24.jpg,1000,1000,546,588,580,614,illegal
-52_19__0_62_2019-09-24.jpg,1000,1000,587,513,673,549,illegal
-52_19__0_62_2019-09-24.jpg,1000,1000,577,289,625,336,illegal
-52_19__0_62_2019-09-24.jpg,1000,1000,256,684,310,705,illegal
-52_19__0_62_2019-09-24.jpg,1000,1000,278,806,303,832,illegal
-52_19__0_62_2019-09-24.jpg,1000,1000,216,333,261,390,illegal
-52_19__0_62_2019-09-24.jpg,1000,1000,417,147,468,201,illegal
-52_19__0_62_2019-09-24.jpg,1000,1000,473,1,505,107,illegal
-52_19__0_62_2019-09-24.jpg,1000,1000,536,24,573,59,illegal
-52_19__0_62_2019-09-24.jpg,1000,1000,909,758,958,788,illegal
-52_19__0_62_2019-09-24.jpg,1000,1000,700,565,746,597,illegal
-52_19__0_66_2019-09-24.jpg,1000,1000,255,735,294,753,illegal
-52_19__0_66_2019-09-24.jpg,1000,1000,12,809,74,897,illegal
-52_19__0_66_2019-09-24.jpg,1000,1000,74,727,217,808,illegal
-52_19__0_66_2019-09-24.jpg,1000,1000,161,703,196,734,illegal
-52_19__0_66_2019-09-24.jpg,1000,1000,67,630,107,679,illegal
-52_19__0_66_2019-09-24.jpg,1000,1000,49,690,107,758,illegal
-52_19__0_66_2019-09-24.jpg,1000,1000,1,580,71,669,illegal
-52_19__0_66_2019-09-24.jpg,1000,1000,281,760,333,865,illegal
-52_19__0_66_2019-09-24.jpg,1000,1000,326,736,525,919,illegal
-52_19__0_66_2019-09-24.jpg,1000,1000,586,679,614,707,illegal
-52_19__0_7_2019-09-24.jpg,1000,1000,113,893,205,960,illegal
-52_19__0_7_2019-09-24.jpg,1000,1000,256,564,294,600,illegal
-52_19__0_7_2019-09-24.jpg,1000,1000,122,786,231,838,illegal
-52_23__0_58_2019-09-24.jpg,1000,1000,634,832,675,870,illegal
-52_23__0_58_2019-09-24.jpg,1000,1000,407,735,430,775,illegal
-52_23__0_58_2019-09-24.jpg,1000,1000,913,415,962,482,illegal
-52_23__0_58_2019-09-24.jpg,1000,1000,112,724,138,743,illegal
-52_23__0_58_2019-09-24.jpg,1000,1000,722,907,792,971,illegal
-52_23__0_58_2019-09-24.jpg,1000,1000,21,878,47,896,illegal
-52_23__0_58_2019-09-24.jpg,1000,1000,67,907,119,954,illegal
-52_23__0_62_2019-09-24.jpg,1000,1000,844,510,871,572,illegal
-52_23__0_66_2019-09-24.jpg,1000,1000,464,199,841,320,illegal
-52_23__0_66_2019-09-24.jpg,1000,1000,107,527,198,624,illegal
-52_23__0_66_2019-09-24.jpg,1000,1000,190,411,278,504,illegal
-52_23__0_66_2019-09-24.jpg,1000,1000,333,296,406,340,illegal
-52_23__0_66_2019-09-24.jpg,1000,1000,415,258,456,281,illegal
-52_23__0_66_2019-09-24.jpg,1000,1000,343,192,457,219,illegal
-52_23__0_66_2019-09-24.jpg,1000,1000,1,240,107,288,illegal
-52_23__0_66_2019-09-24.jpg,1000,1000,464,921,510,966,illegal
-52_23__0_66_2019-09-24.jpg,1000,1000,765,951,880,1000,illegal
-52_23__0_66_2019-09-24.jpg,1000,1000,602,435,824,564,illegal
-52_23__0_66_2019-09-24.jpg,1000,1000,323,390,422,756,illegal
-52_23__0_66_2019-09-24.jpg,1000,1000,322,388,1000,885,illegal
-52_23__0_66_2019-09-24.jpg,1000,1000,661,881,747,964,illegal
-52_23__0_7_2019-09-24.jpg,1000,1000,816,908,864,958,illegal
-52_27__0_58_2019-09-24.jpg,1000,1000,710,475,789,555,illegal
-52_27__0_58_2019-09-24.jpg,1000,1000,656,393,691,420,illegal
-52_27__0_58_2019-09-24.jpg,1000,1000,682,631,728,672,illegal
-52_27__0_58_2019-09-24.jpg,1000,1000,730,738,830,819,illegal
-52_27__0_62_2019-09-24.jpg,1000,1000,117,965,164,1000,illegal
-52_27__0_66_2019-09-24.jpg,1000,1000,946,770,1000,836,illegal
-52_27__0_66_2019-09-24.jpg,1000,1000,944,261,1000,323,illegal
-52_27__0_66_2019-09-24.jpg,1000,1000,806,355,915,397,illegal
-52_27__0_66_2019-09-24.jpg,1000,1000,816,554,874,642,illegal
-52_27__0_74_2019-09-24.jpg,1000,1000,311,582,368,710,illegal
-52_27__0_74_2019-09-24.jpg,1000,1000,373,799,419,881,illegal
-52_27__0_74_2019-09-24.jpg,1000,1000,1,682,82,759,illegal
-52_27__0_7_2019-09-24.jpg,1000,1000,163,807,205,842,illegal
-52_27__0_7_2019-09-24.jpg,1000,1000,402,567,446,594,illegal
-52_31__0_62_2019-09-24.jpg,1000,1000,71,547,146,610,illegal
-52_31__0_62_2019-09-24.jpg,1000,1000,264,461,324,533,illegal
-52_31__0_62_2019-09-24.jpg,1000,1000,177,619,261,690,illegal
-52_31__0_74_2019-09-24.jpg,1000,1000,324,777,563,932,illegal
-52_31__0_74_2019-09-24.jpg,1000,1000,659,96,711,179,illegal
-52_31__0_74_2019-09-24.jpg,1000,1000,804,1,857,63,illegal
-52_31__0_7_2019-09-24.jpg,1000,1000,1,467,40,527,illegal
-52_31__0_7_2019-09-24.jpg,1000,1000,555,478,584,501,illegal
-52_35__0_58_2019-09-24.jpg,1000,1000,180,729,241,786,illegal
-52_35__0_58_2019-09-24.jpg,1000,1000,383,568,465,613,illegal
-52_35__0_66_2019-09-24.jpg,1000,1000,154,353,222,425,illegal
-52_35__0_74_2019-09-24.jpg,1000,1000,661,415,774,546,illegal
-52_35__0_74_2019-09-24.jpg,1000,1000,394,582,568,733,illegal
-52_35__0_74_2019-09-24.jpg,1000,1000,306,738,390,889,illegal
-52_35__0_74_2019-09-24.jpg,1000,1000,83,904,307,1000,illegal
-52_35__0_7_2019-09-24.jpg,1000,1000,321,302,381,379,illegal
-52_35__0_7_2019-09-24.jpg,1000,1000,488,224,526,252,illegal
-52_35__0_7_2019-09-24.jpg,1000,1000,294,668,372,724,illegal
-52_35__0_7_2019-09-24.jpg,1000,1000,666,217,772,300,illegal
-52_35__0_7_2019-09-24.jpg,1000,1000,796,298,1000,529,illegal
-52_95__-0_03_2018-10-14.jpg,1000,1000,64,283,105,305,illegal
-52_95__-0_11_2018-10-14.jpg,1000,1000,1,748,92,923,illegal
-52_95__-0_11_2018-10-14.jpg,1000,1000,1,541,106,573,illegal
-52_95__-0_11_2018-10-14.jpg,1000,1000,168,955,203,1000,illegal
-52_95__-0_15_2018-10-14.jpg,1000,1000,108,252,128,281,illegal
-52_95__-0_15_2018-10-14.jpg,1000,1000,79,923,172,1000,illegal
-52_95__-0_15_2018-10-14.jpg,1000,1000,287,682,326,730,illegal
-52_95__-0_15_2018-10-14.jpg,1000,1000,364,715,537,964,illegal
-52_95__-0_19_2018-10-14.jpg,1000,1000,611,24,635,47,illegal
-52_95__-0_19_2018-10-14.jpg,1000,1000,582,83,618,109,illegal
-52_95__-0_19_2018-10-14.jpg,1000,1000,74,1,169,36,illegal
-52_95__-0_19_2018-10-14.jpg,1000,1000,907,935,988,996,illegal
-52_95__-0_23_2018-10-14.jpg,1000,1000,262,285,371,321,illegal
-52_95__-0_23_2018-10-14.jpg,1000,1000,351,113,541,330,illegal
-52_95__-0_23_2018-10-14.jpg,1000,1000,542,81,844,158,illegal
-52_95__-0_23_2018-10-14.jpg,1000,1000,215,227,259,264,illegal
-52_95__-0_23_2018-10-14.jpg,1000,1000,1,250,24,281,illegal
-52_95__-0_27_2018-10-14.jpg,1000,1000,1,180,37,378,illegal
-52_95__-0_31_2018-10-14.jpg,1000,1000,674,946,789,1000,illegal
-52_95__-0_31_2018-10-14.jpg,1000,1000,829,845,928,921,illegal
-52_95__0_05_2018-10-14.jpg,1000,1000,31,764,113,827,illegal
-52_95__0_05_2018-10-14.jpg,1000,1000,34,705,87,741,illegal
-52_99__-0_03_2018-10-14.jpg,1000,1000,184,498,215,545,illegal
-52_99__-0_07_2018-10-14.jpg,1000,1000,224,874,256,922,illegal
-52_99__-0_07_2018-10-14.jpg,1000,1000,80,345,125,423,illegal
-52_99__-0_07_2018-10-14.jpg,1000,1000,174,306,201,330,illegal
-52_99__-0_07_2018-10-14.jpg,1000,1000,518,803,541,825,illegal
-52_99__-0_07_2018-10-14.jpg,1000,1000,582,777,599,800,illegal
-52_99__-0_07_2018-10-14.jpg,1000,1000,529,685,556,724,illegal
-52_99__-0_11_2018-10-14.jpg,1000,1000,929,650,1000,831,illegal
-52_99__-0_19_2018-10-14.jpg,1000,1000,605,664,636,689,illegal
-52_99__-0_19_2018-10-14.jpg,1000,1000,709,643,746,692,illegal
-52_99__-0_19_2018-10-14.jpg,1000,1000,709,372,755,443,illegal
-52_99__-0_19_2018-10-14.jpg,1000,1000,819,256,897,291,illegal
-52_99__-0_23_2018-10-14.jpg,1000,1000,412,377,483,401,illegal
-52_99__-0_23_2018-10-14.jpg,1000,1000,426,201,468,226,illegal
-52_99__-0_23_2018-10-14.jpg,1000,1000,507,289,616,421,illegal
-52_99__-0_23_2018-10-14.jpg,1000,1000,497,425,534,522,illegal
-52_99__-0_23_2018-10-14.jpg,1000,1000,797,893,869,932,illegal
-52_99__-0_23_2018-10-14.jpg,1000,1000,841,970,892,1000,illegal
-52_99__-0_23_2018-10-14.jpg,1000,1000,817,735,925,803,illegal
-52_99__-0_23_2018-10-14.jpg,1000,1000,738,568,905,730,illegal
-52_99__-0_23_2018-10-14.jpg,1000,1000,601,758,717,793,illegal
-52_99__-0_23_2018-10-14.jpg,1000,1000,813,498,865,563,illegal
-52_99__-0_27_2018-10-14.jpg,1000,1000,879,175,1000,415,illegal
-52_99__-0_27_2018-10-14.jpg,1000,1000,811,217,871,265,illegal
-52_99__-0_27_2018-10-14.jpg,1000,1000,849,350,878,380,illegal
-52_99__-0_27_2018-10-14.jpg,1000,1000,433,781,490,866,illegal
-52_99__-0_27_2018-10-14.jpg,1000,1000,467,865,522,952,illegal
-52_99__-0_27_2018-10-14.jpg,1000,1000,937,383,999,507,illegal
-52_99__-0_27_2018-10-14.jpg,1000,1000,698,1,885,38,illegal
-52_99__-0_27_2018-10-14.jpg,1000,1000,744,85,789,126,illegal
-52_99__-0_31_2018-10-14.jpg,1000,1000,1,606,44,713,illegal
-52_99__-0_31_2018-10-14.jpg,1000,1000,155,681,298,896,illegal
-52_99__-0_31_2018-10-14.jpg,1000,1000,1,877,101,991,illegal
-52_99__-0_31_2018-10-14.jpg,1000,1000,328,546,461,691,illegal
-52_99__-0_31_2018-10-14.jpg,1000,1000,789,549,828,572,illegal
-52_99__-0_31_2018-10-14.jpg,1000,1000,646,753,704,808,illegal
-52_99__-0_31_2018-10-14.jpg,1000,1000,489,119,811,436,illegal
-53_03__-0_07_2018-10-14.jpg,1000,1000,323,274,337,311,illegal
-53_03__-0_15_2018-10-14.jpg,1000,1000,793,659,854,707,illegal
-53_03__-0_15_2018-10-14.jpg,1000,1000,858,746,897,825,illegal
-53_03__-0_15_2018-10-14.jpg,1000,1000,543,688,611,707,illegal
-53_03__-0_19_2018-10-14.jpg,1000,1000,263,408,354,469,illegal
-53_03__-0_19_2018-10-14.jpg,1000,1000,118,879,189,984,illegal
-53_03__-0_19_2018-10-14.jpg,1000,1000,108,651,168,766,illegal
-53_03__-0_23_2018-10-14.jpg,1000,1000,66,101,159,367,illegal
-53_03__-0_23_2018-10-14.jpg,1000,1000,232,451,315,616,illegal
-53_03__-0_23_2018-10-14.jpg,1000,1000,834,555,919,696,illegal
-53_03__-0_23_2018-10-14.jpg,1000,1000,887,394,982,552,illegal
-53_03__-0_27_2018-10-14.jpg,1000,1000,918,840,956,971,illegal
-53_03__-0_27_2018-10-14.jpg,1000,1000,55,770,136,876,illegal
-53_03__-0_27_2018-10-14.jpg,1000,1000,1,828,79,853,illegal
-53_03__-0_27_2018-10-14.jpg,1000,1000,211,321,248,370,illegal
-53_03__-0_31_2018-10-14.jpg,1000,1000,1,513,169,843,illegal
-53_03__-0_31_2018-10-14.jpg,1000,1000,187,320,402,510,illegal
-53_03__-0_31_2018-10-14.jpg,1000,1000,258,454,463,874,illegal
-53_03__-0_31_2018-10-14.jpg,1000,1000,246,876,307,982,illegal
-53_03__-0_31_2018-10-14.jpg,1000,1000,404,285,549,332,illegal
-53_03__-0_31_2018-10-14.jpg,1000,1000,532,123,677,277,illegal
-53_03__-0_31_2018-10-14.jpg,1000,1000,868,22,985,346,illegal
-53_03__-0_31_2018-10-14.jpg,1000,1000,715,20,776,207,illegal
-53_03__-0_31_2018-10-14.jpg,1000,1000,469,341,531,413,illegal
-53_03__-0_31_2018-10-14.jpg,1000,1000,865,901,1000,985,illegal
-53_03__0_01_2018-10-14.jpg,1000,1000,303,450,347,478,illegal
-53_03__0_01_2018-10-14.jpg,1000,1000,299,242,349,280,illegal
-53_03__0_01_2018-10-14.jpg,1000,1000,276,3,378,35,illegal
-53_03__0_05_2018-10-14.jpg,1000,1000,60,626,123,749,illegal
-53_03__0_05_2018-10-14.jpg,1000,1000,168,644,241,702,illegal
-53_03__0_05_2018-10-14.jpg,1000,1000,212,842,262,938,illegal
-53_03__0_05_2018-10-14.jpg,1000,1000,377,951,431,977,illegal
-53_07__-0_15_2018-10-14.jpg,1000,1000,152,138,198,161,illegal
-53_07__-0_15_2018-10-14.jpg,1000,1000,86,378,119,496,illegal
-53_07__-0_23_2018-10-14.jpg,1000,1000,443,672,493,996,illegal
-53_07__-0_23_2018-10-14.jpg,1000,1000,805,240,968,363,illegal
-53_07__-0_27_2018-10-14.jpg,1000,1000,287,788,434,1000,illegal
-53_07__-0_27_2018-10-14.jpg,1000,1000,550,669,625,936,illegal
-53_07__-0_27_2018-10-14.jpg,1000,1000,706,758,776,869,illegal
-53_07__-0_27_2018-10-14.jpg,1000,1000,742,846,1000,952,illegal
-53_07__-0_27_2018-10-14.jpg,1000,1000,809,423,963,694,illegal
-53_07__-0_27_2018-10-14.jpg,1000,1000,464,1,644,417,illegal
-53_07__-0_31_2018-10-14.jpg,1000,1000,143,56,325,148,illegal
-53_07__-0_31_2018-10-14.jpg,1000,1000,286,1,451,48,illegal
-53_07__-0_31_2018-10-14.jpg,1000,1000,463,18,736,199,illegal
-53_07__-0_31_2018-10-14.jpg,1000,1000,287,205,618,383,illegal
-53_07__-0_31_2018-10-14.jpg,1000,1000,318,489,585,590,illegal
-53_07__-0_31_2018-10-14.jpg,1000,1000,578,281,746,475,illegal
-53_07__-0_31_2018-10-14.jpg,1000,1000,112,528,300,615,illegal
-53_07__-0_31_2018-10-14.jpg,1000,1000,779,825,1000,1000,illegal
-53_07__-0_31_2018-10-14.jpg,1000,1000,581,570,1000,780,illegal
-53_07__-0_31_2018-10-14.jpg,1000,1000,537,788,671,1000,illegal
-53_07__-0_31_2018-10-14.jpg,1000,1000,349,798,548,863,illegal
-53_07__-0_31_2018-10-14.jpg,1000,1000,217,247,247,426,illegal
-53_07__-0_31_2018-10-14.jpg,1000,1000,326,59,359,145,illegal
-53_07__-0_31_2018-10-14.jpg,1000,1000,37,280,115,448,illegal
-53_07__0_01_2018-10-14.jpg,1000,1000,725,882,787,925,illegal
-53_11__-0_07_2018-10-14.jpg,1000,1000,875,652,925,685,illegal
-53_11__-0_11_2018-10-14.jpg,1000,1000,2,363,28,492,illegal
-53_11__-0_15_2018-10-14.jpg,1000,1000,821,192,935,305,illegal
-53_11__-0_31_2018-10-14.jpg,1000,1000,1,211,22,231,illegal
-53_11__-0_31_2018-10-14.jpg,1000,1000,923,378,968,460,illegal
-53_11__0_01_2018-10-14.jpg,1000,1000,831,713,885,778,illegal
-53_11__0_01_2018-10-14.jpg,1000,1000,898,498,924,518,illegal
-53_11__0_01_2018-10-14.jpg,1000,1000,361,393,381,410,illegal
-53_11__0_05_2018-10-14.jpg,1000,1000,317,829,407,893,illegal
-53_11__0_05_2018-10-14.jpg,1000,1000,152,952,194,972,illegal
-53_15__-0_03_2018-10-14.jpg,1000,1000,909,599,937,648,illegal
-53_15__-0_03_2018-10-14.jpg,1000,1000,1,213,96,264,illegal
-53_15__-0_07_2018-10-14.jpg,1000,1000,1,179,389,501,illegal
-53_15__-0_07_2018-10-14.jpg,1000,1000,105,691,247,945,illegal
-53_15__-0_07_2018-10-14.jpg,1000,1000,1,678,110,801,illegal
-53_15__-0_07_2018-10-14.jpg,1000,1000,516,713,571,789,illegal
-53_15__-0_11_2018-10-14.jpg,1000,1000,688,275,801,429,illegal
-53_15__-0_11_2018-10-14.jpg,1000,1000,723,430,803,503,illegal
-53_15__-0_11_2018-10-14.jpg,1000,1000,793,331,1000,710,illegal
-53_15__-0_11_2018-10-14.jpg,1000,1000,838,771,869,857,illegal
-53_15__-0_11_2018-10-14.jpg,1000,1000,821,146,862,221,illegal
-53_15__-0_11_2018-10-14.jpg,1000,1000,131,150,174,222,illegal
-53_15__-0_19_2018-10-14.jpg,1000,1000,962,419,998,454,illegal
-53_15__-0_19_2018-10-14.jpg,1000,1000,860,538,940,614,illegal
-53_15__-0_23_2018-10-14.jpg,1000,1000,510,868,554,991,illegal
-53_15__-0_27_2018-10-14.jpg,1000,1000,326,214,418,281,illegal
-53_15__-0_31_2018-10-14.jpg,1000,1000,608,527,686,564,illegal
-53_15__0_05_2018-10-14.jpg,1000,1000,899,670,937,710,illegal
-53_15__0_05_2018-10-14.jpg,1000,1000,969,655,997,681,illegal
-53_18__-0_05_2019-09-24.jpg,1000,1000,196,545,237,585,illegal
-53_18__-0_05_2019-09-24.jpg,1000,1000,332,653,410,792,illegal
-53_18__-0_05_2019-09-24.jpg,1000,1000,141,850,164,879,illegal
-53_18__-0_05_2019-09-24.jpg,1000,1000,358,7,498,157,illegal
-53_18__-0_05_2019-09-24.jpg,1000,1000,429,700,1000,1000,illegal
-53_18__-0_05_2019-09-24.jpg,1000,1000,577,632,636,717,illegal
-53_18__-0_05_2019-09-24.jpg,1000,1000,428,753,609,874,illegal
-53_18__-0_09_2019-09-24.jpg,1000,1000,852,208,997,453,illegal
-53_18__-0_09_2019-09-24.jpg,1000,1000,601,148,660,278,illegal
-53_18__-0_09_2019-09-24.jpg,1000,1000,877,640,917,688,illegal
-53_18__-0_09_2019-09-24.jpg,1000,1000,748,209,814,329,illegal
-53_18__-0_09_2019-09-24.jpg,1000,1000,416,1,612,71,illegal
-53_19__-0_03_2018-10-14.jpg,1000,1000,206,1,268,88,illegal
-53_19__-0_03_2018-10-14.jpg,1000,1000,596,478,785,729,illegal
-53_19__-0_03_2018-10-14.jpg,1000,1000,450,433,591,517,illegal
-53_19__-0_03_2018-10-14.jpg,1000,1000,379,307,432,439,illegal
-53_19__-0_03_2018-10-14.jpg,1000,1000,1,469,26,506,illegal
-53_19__-0_03_2018-10-14.jpg,1000,1000,428,38,559,102,illegal
-53_19__-0_03_2018-10-14.jpg,1000,1000,589,73,690,109,illegal
-53_19__-0_07_2018-10-14.jpg,1000,1000,436,43,492,86,illegal
-53_19__-0_07_2018-10-14.jpg,1000,1000,592,227,660,297,illegal
-53_19__-0_07_2018-10-14.jpg,1000,1000,659,260,1000,574,illegal
-53_19__-0_07_2018-10-14.jpg,1000,1000,824,130,887,248,illegal
-53_19__-0_07_2018-10-14.jpg,1000,1000,859,643,904,718,illegal
-53_19__-0_07_2018-10-14.jpg,1000,1000,178,270,262,315,illegal
-53_19__-0_11_2018-10-14.jpg,1000,1000,236,414,531,493,illegal
-53_19__-0_11_2018-10-14.jpg,1000,1000,432,147,505,338,illegal
-53_19__-0_15_2018-10-14.jpg,1000,1000,15,665,196,810,illegal
-53_19__-0_15_2018-10-14.jpg,1000,1000,182,800,273,859,illegal
-53_19__-0_15_2018-10-14.jpg,1000,1000,453,451,518,507,illegal
-53_19__-0_15_2018-10-14.jpg,1000,1000,369,655,416,731,illegal
-53_19__-0_19_2018-10-14.jpg,1000,1000,381,909,434,968,illegal
-53_19__-0_19_2018-10-14.jpg,1000,1000,582,957,623,994,illegal
-53_19__-0_23_2018-10-14.jpg,1000,1000,16,788,309,995,illegal
-53_19__-0_23_2018-10-14.jpg,1000,1000,516,30,752,251,illegal
-53_19__-0_23_2018-10-14.jpg,1000,1000,72,158,115,214,illegal
-53_19__-0_23_2018-10-14.jpg,1000,1000,423,742,443,768,illegal
-53_19__-0_23_2018-10-14.jpg,1000,1000,274,142,326,200,illegal
-53_19__-0_23_2018-10-14.jpg,1000,1000,588,552,609,574,illegal
-53_19__-0_23_2018-10-14.jpg,1000,1000,475,683,515,714,illegal
-53_19__-0_27_2018-10-14.jpg,1000,1000,1,1,71,69,illegal
-53_19__-0_27_2018-10-14.jpg,1000,1000,576,491,667,536,illegal
-53_19__-0_27_2018-10-14.jpg,1000,1000,660,392,797,488,illegal
-53_19__-0_31_2018-10-14.jpg,1000,1000,858,209,1000,397,illegal
-53_19__0_01_2018-10-14.jpg,1000,1000,123,935,246,1000,illegal
-53_19__0_01_2018-10-14.jpg,1000,1000,556,459,693,515,illegal
-53_19__0_05_2018-10-14.jpg,1000,1000,1,766,122,878,illegal
-53_19__0_05_2018-10-14.jpg,1000,1000,908,401,966,475,illegal
-53_22__-0_05_2019-09-24.jpg,1000,1000,632,240,723,318,illegal
-53_22__-0_05_2019-09-24.jpg,1000,1000,937,764,1000,818,illegal
-53_22__-0_05_2019-09-24.jpg,1000,1000,585,638,654,684,illegal
-53_22__-0_05_2019-09-24.jpg,1000,1000,612,740,665,773,illegal
-53_23__-0_03_2018-10-14.jpg,1000,1000,827,690,965,815,illegal
-53_23__-0_03_2018-10-14.jpg,1000,1000,848,199,979,285,illegal
-53_23__-0_07_2018-10-14.jpg,1000,1000,13,391,87,474,illegal
-53_23__-0_07_2018-10-14.jpg,1000,1000,858,242,909,273,illegal
-53_23__-0_07_2018-10-14.jpg,1000,1000,833,144,900,185,illegal
-53_23__-0_07_2018-10-14.jpg,1000,1000,657,293,683,315,illegal
-53_23__-0_07_2018-10-14.jpg,1000,1000,224,835,364,900,illegal
-53_23__-0_11_2018-10-14.jpg,1000,1000,152,494,208,672,illegal
-53_23__-0_11_2018-10-14.jpg,1000,1000,58,739,140,786,illegal
-53_23__-0_11_2018-10-14.jpg,1000,1000,1,871,66,926,illegal
-53_23__-0_11_2018-10-14.jpg,1000,1000,29,14,181,298,illegal
-53_23__-0_11_2018-10-14.jpg,1000,1000,306,56,412,131,illegal
-53_23__-0_11_2018-10-14.jpg,1000,1000,1,577,15,613,illegal
-53_23__-0_11_2018-10-14.jpg,1000,1000,314,219,347,245,illegal
-53_23__-0_11_2018-10-14.jpg,1000,1000,1,290,18,345,illegal
-53_23__-0_15_2018-10-14.jpg,1000,1000,133,869,253,1000,illegal
-53_23__-0_15_2018-10-14.jpg,1000,1000,493,806,556,944,illegal
-53_23__-0_15_2018-10-14.jpg,1000,1000,793,540,993,658,illegal
-53_23__-0_19_2018-10-14.jpg,1000,1000,180,799,257,944,illegal
-53_23__-0_19_2018-10-14.jpg,1000,1000,288,917,355,1000,illegal
-53_23__-0_19_2018-10-14.jpg,1000,1000,354,769,610,960,illegal
-53_23__-0_19_2018-10-14.jpg,1000,1000,504,415,652,501,illegal
-53_23__-0_19_2018-10-14.jpg,1000,1000,751,455,804,499,illegal
-53_23__-0_19_2018-10-14.jpg,1000,1000,592,321,700,400,illegal
-53_23__-0_19_2018-10-14.jpg,1000,1000,474,111,544,284,illegal
-53_23__-0_19_2018-10-14.jpg,1000,1000,261,206,450,314,illegal
-53_23__-0_19_2018-10-14.jpg,1000,1000,153,1,282,180,illegal
-53_23__-0_19_2018-10-14.jpg,1000,1000,451,1,491,81,illegal
-53_23__-0_19_2018-10-14.jpg,1000,1000,909,775,1000,838,illegal
-53_23__-0_19_2018-10-14.jpg,1000,1000,619,866,855,915,illegal
-53_23__-0_19_2018-10-14.jpg,1000,1000,824,895,859,1000,illegal
-53_23__-0_23_2018-10-14.jpg,1000,1000,514,172,606,223,illegal
-53_23__-0_23_2018-10-14.jpg,1000,1000,265,260,305,291,illegal
-53_23__-0_23_2018-10-14.jpg,1000,1000,946,939,1000,993,illegal
-53_23__-0_27_2018-10-14.jpg,1000,1000,424,369,441,390,illegal
-53_23__-0_27_2018-10-14.jpg,1000,1000,967,1,1000,83,illegal
-53_23__0_01_2018-10-14.jpg,1000,1000,573,857,718,985,illegal
-53_26__-0_05_2019-09-24.jpg,1000,1000,1,495,176,621,illegal
-53_26__-0_05_2019-09-24.jpg,1000,1000,14,693,152,768,illegal
-53_26__-0_05_2019-09-24.jpg,1000,1000,775,878,853,964,illegal
-53_26__-0_05_2019-09-24.jpg,1000,1000,400,824,450,976,illegal
-53_26__-0_05_2019-09-24.jpg,1000,1000,493,880,521,898,illegal
-53_26__-0_05_2019-09-24.jpg,1000,1000,278,582,301,619,illegal
-53_26__-0_05_2019-09-24.jpg,1000,1000,142,849,197,881,illegal
-53_26__-0_09_2019-09-24.jpg,1000,1000,530,54,575,138,illegal
-53_26__-0_09_2019-09-24.jpg,1000,1000,788,577,879,789,illegal
-53_26__-0_09_2019-09-24.jpg,1000,1000,676,782,778,815,illegal
-53_26__-0_09_2019-09-24.jpg,1000,1000,694,1,729,29,illegal
-53_26__-0_09_2019-09-24.jpg,1000,1000,668,903,698,928,illegal
-53_26__-0_09_2019-09-24.jpg,1000,1000,514,173,564,294,illegal
-53_26__-0_09_2019-09-24.jpg,1000,1000,508,334,574,409,illegal
-53_27__-0_03_2018-10-14.jpg,1000,1000,52,789,173,896,illegal
-53_27__-0_03_2018-10-14.jpg,1000,1000,609,622,647,694,illegal
-53_27__-0_03_2018-10-14.jpg,1000,1000,152,863,258,1000,illegal
-53_27__-0_07_2018-10-14.jpg,1000,1000,258,34,424,132,illegal
-53_27__-0_07_2018-10-14.jpg,1000,1000,259,193,376,265,illegal
-53_27__-0_07_2018-10-14.jpg,1000,1000,134,341,253,446,illegal
-53_27__-0_07_2018-10-14.jpg,1000,1000,407,347,447,380,illegal
-53_27__-0_07_2018-10-14.jpg,1000,1000,651,325,690,489,illegal
-53_27__-0_07_2018-10-14.jpg,1000,1000,766,771,786,797,illegal
-53_27__-0_07_2018-10-14.jpg,1000,1000,761,845,814,909,illegal
-53_27__-0_07_2018-10-14.jpg,1000,1000,521,93,564,126,illegal
-53_27__-0_07_2018-10-14.jpg,1000,1000,939,427,1000,536,illegal
-53_27__-0_11_2018-10-14.jpg,1000,1000,927,401,974,502,illegal
-53_27__-0_11_2018-10-14.jpg,1000,1000,975,560,1000,618,illegal
-53_27__-0_11_2018-10-14.jpg,1000,1000,942,278,1000,333,illegal
-53_27__-0_11_2018-10-14.jpg,1000,1000,944,858,1000,893,illegal
-53_27__-0_11_2018-10-14.jpg,1000,1000,808,696,836,730,illegal
-53_27__-0_15_2018-10-14.jpg,1000,1000,17,817,277,1000,illegal
-53_27__-0_15_2018-10-14.jpg,1000,1000,109,246,175,309,illegal
-53_27__-0_15_2018-10-14.jpg,1000,1000,59,749,130,777,illegal
-53_27__-0_19_2018-10-14.jpg,1000,1000,218,1,267,42,illegal
-53_27__-0_19_2018-10-14.jpg,1000,1000,311,122,388,215,illegal
-53_27__-0_31_2018-10-14.jpg,1000,1000,622,142,654,227,illegal
-53_27__0_01_2018-10-14.jpg,1000,1000,578,421,663,600,illegal
-53_27__0_05_2018-10-14.jpg,1000,1000,533,859,687,995,illegal
-53_27__0_05_2018-10-14.jpg,1000,1000,649,393,822,515,illegal
-53_27__0_05_2018-10-14.jpg,1000,1000,806,108,897,247,illegal
-53_31__-0_03_2018-10-14.jpg,1000,1000,449,825,604,875,illegal
-53_31__-0_03_2018-10-14.jpg,1000,1000,715,610,843,753,illegal
-53_31__-0_03_2018-10-14.jpg,1000,1000,596,785,700,994,illegal
-53_31__-0_03_2018-10-14.jpg,1000,1000,749,732,919,964,illegal
-53_31__-0_07_2018-10-14.jpg,1000,1000,799,77,852,132,illegal
-53_31__-0_07_2018-10-14.jpg,1000,1000,756,155,797,203,illegal
-53_31__-0_07_2018-10-14.jpg,1000,1000,378,169,451,371,illegal
-53_31__-0_07_2018-10-14.jpg,1000,1000,507,480,568,531,illegal
-53_31__-0_07_2018-10-14.jpg,1000,1000,1,934,50,979,illegal
-53_31__-0_11_2018-10-14.jpg,1000,1000,1,61,61,128,illegal
-53_31__-0_11_2018-10-14.jpg,1000,1000,1,400,12,455,illegal
-53_31__-0_11_2018-10-14.jpg,1000,1000,901,173,963,249,illegal
-53_31__-0_15_2018-10-14.jpg,1000,1000,41,193,211,289,illegal
-53_31__-0_15_2018-10-14.jpg,1000,1000,231,268,358,408,illegal
-53_31__-0_15_2018-10-14.jpg,1000,1000,49,1,148,59,illegal
-53_31__-0_15_2018-10-14.jpg,1000,1000,7,69,62,124,illegal
-53_31__-0_15_2018-10-14.jpg,1000,1000,334,1,427,180,illegal
-53_31__-0_15_2018-10-14.jpg,1000,1000,457,85,536,206,illegal
-53_31__-0_15_2018-10-14.jpg,1000,1000,546,200,721,272,illegal
-53_31__-0_15_2018-10-14.jpg,1000,1000,551,313,753,451,illegal
-53_31__-0_15_2018-10-14.jpg,1000,1000,829,348,887,420,illegal
-53_31__-0_15_2018-10-14.jpg,1000,1000,751,449,821,504,illegal
-53_31__-0_15_2018-10-14.jpg,1000,1000,375,820,465,991,illegal
-53_31__-0_15_2018-10-14.jpg,1000,1000,419,555,627,772,illegal
-53_31__-0_15_2018-10-14.jpg,1000,1000,316,498,401,766,illegal
-53_31__-0_15_2018-10-14.jpg,1000,1000,817,740,849,765,illegal
-53_31__-0_27_2018-10-14.jpg,1000,1000,748,394,772,419,illegal
-53_31__-0_27_2018-10-14.jpg,1000,1000,819,469,841,494,illegal
-53_31__0_01_2018-10-14.jpg,1000,1000,574,479,639,600,illegal
-53_31__0_01_2018-10-14.jpg,1000,1000,122,407,215,496,illegal
-53_34__-0_13_2019-09-24.jpg,1000,1000,1,739,43,781,illegal
-53_34__-0_25_2019-09-24.jpg,1000,1000,399,409,428,439,illegal
-53_38__-0_05_2019-09-24.jpg,1000,1000,1,199,75,258,illegal
-53_38__-0_05_2019-09-24.jpg,1000,1000,114,253,201,313,illegal
-53_38__-0_13_2019-09-24.jpg,1000,1000,1,345,52,397,illegal
-53_38__-0_13_2019-09-24.jpg,1000,1000,886,639,952,716,illegal
-53_38__-0_17_2019-09-24.jpg,1000,1000,48,885,121,1000,illegal
-53_38__-0_21_2019-09-24.jpg,1000,1000,622,468,671,526,illegal
-53_3__-0_05_2019-09-24.jpg,1000,1000,172,324,348,382,illegal
-53_3__-0_05_2019-09-24.jpg,1000,1000,797,280,927,399,illegal
-53_3__-0_05_2019-09-24.jpg,1000,1000,428,653,547,742,illegal
-53_3__-0_05_2019-09-24.jpg,1000,1000,553,565,618,631,illegal
-53_3__-0_05_2019-09-24.jpg,1000,1000,596,463,655,540,illegal
-53_3__-0_05_2019-09-24.jpg,1000,1000,746,458,771,569,illegal
-53_3__-0_05_2019-09-24.jpg,1000,1000,891,835,1000,941,illegal
-53_3__-0_05_2019-09-24.jpg,1000,1000,353,303,446,498,illegal
-53_3__-0_05_2019-09-24.jpg,1000,1000,511,223,640,447,illegal
-53_3__-0_05_2019-09-24.jpg,1000,1000,480,107,591,235,illegal
-53_3__-0_05_2019-09-24.jpg,1000,1000,241,543,294,586,illegal
-53_42__-0_05_2019-09-24.jpg,1000,1000,1,511,80,685,illegal
-53_42__-0_05_2019-09-24.jpg,1000,1000,112,602,224,740,illegal
-53_42__-0_05_2019-09-24.jpg,1000,1000,651,152,833,190,illegal
-53_42__-0_09_2019-09-24.jpg,1000,1000,902,291,973,367,illegal
-53_42__-0_09_2019-09-24.jpg,1000,1000,746,466,847,565,illegal
-53_42__-0_09_2019-09-24.jpg,1000,1000,510,602,607,654,illegal
-53_42__-0_13_2019-09-24.jpg,1000,1000,651,854,702,970,illegal
-53_42__-0_13_2019-09-24.jpg,1000,1000,742,841,872,897,illegal
-53_42__-0_13_2019-09-24.jpg,1000,1000,1,754,218,936,illegal
-53_42__-0_21_2019-09-24.jpg,1000,1000,668,268,796,411,illegal
-53_42__-0_21_2019-09-24.jpg,1000,1000,493,92,607,220,illegal
-53_42__-0_25_2019-09-24.jpg,1000,1000,599,778,679,849,illegal
-53_42__-0_25_2019-09-24.jpg,1000,1000,605,660,644,711,illegal
-53_42__-0_25_2019-09-24.jpg,1000,1000,707,615,769,688,illegal
-53_74__0_28_2019-09-24.jpg,1000,1000,168,650,288,804,illegal
-53_74__0_28_2019-09-24.jpg,1000,1000,122,947,230,1000,illegal
-53_74__0_28_2019-09-24.jpg,1000,1000,837,70,914,138,illegal
-53_74__0_28_2019-09-24.jpg,1000,1000,613,439,767,508,illegal
-53_74__0_44_2019-09-24.jpg,1000,1000,704,575,807,670,illegal
-53_74__0_44_2019-09-24.jpg,1000,1000,558,69,727,146,illegal
-53_74__0_48_2019-09-24.jpg,1000,1000,341,297,414,403,illegal
-53_74__0_48_2019-09-24.jpg,1000,1000,8,477,103,530,illegal
-53_74__0_48_2019-09-24.jpg,1000,1000,436,824,819,1000,illegal
-53_74__0_48_2019-09-24.jpg,1000,1000,839,845,974,909,illegal
-53_74__0_48_2019-09-24.jpg,1000,1000,619,78,696,200,illegal
-53_74__0_48_2019-09-24.jpg,1000,1000,694,1,824,102,illegal
-53_74__0_48_2019-09-24.jpg,1000,1000,200,504,259,622,illegal
-53_74__0_48_2019-09-24.jpg,1000,1000,323,558,372,649,illegal
-53_74__0_52_2019-09-24.jpg,1000,1000,636,839,1000,1000,illegal
-53_74__0_52_2019-09-24.jpg,1000,1000,272,872,329,1000,illegal
-53_74__0_52_2019-09-24.jpg,1000,1000,883,545,1000,655,illegal
-53_74__0_52_2019-09-24.jpg,1000,1000,484,247,740,414,illegal
-53_78__0_28_2019-09-24.jpg,1000,1000,310,314,398,420,illegal
-53_78__0_28_2019-09-24.jpg,1000,1000,739,419,828,524,illegal
-53_78__0_28_2019-09-24.jpg,1000,1000,498,21,714,194,illegal
-53_78__0_28_2019-09-24.jpg,1000,1000,426,660,503,901,illegal
-53_78__0_32_2019-09-24.jpg,1000,1000,329,248,512,309,illegal
-53_78__0_36_2019-09-24.jpg,1000,1000,707,81,901,207,illegal
-53_78__0_36_2019-09-24.jpg,1000,1000,807,434,883,541,illegal
-53_78__0_36_2019-09-24.jpg,1000,1000,682,543,754,609,illegal
-53_78__0_36_2019-09-24.jpg,1000,1000,798,253,906,395,illegal
-53_78__0_44_2019-09-24.jpg,1000,1000,694,451,761,571,illegal
-53_78__0_44_2019-09-24.jpg,1000,1000,727,702,805,805,illegal
-53_78__0_44_2019-09-24.jpg,1000,1000,838,604,1000,828,illegal
-53_78__0_48_2019-09-24.jpg,1000,1000,647,280,749,441,illegal
-53_78__0_48_2019-09-24.jpg,1000,1000,769,419,979,489,illegal
-53_78__0_48_2019-09-24.jpg,1000,1000,683,632,950,721,illegal
-53_78__0_48_2019-09-24.jpg,1000,1000,611,470,752,601,illegal
-53_78__0_4_2019-09-24.jpg,1000,1000,192,406,340,620,illegal
-53_78__0_4_2019-09-24.jpg,1000,1000,440,754,501,888,illegal
-53_78__0_4_2019-09-24.jpg,1000,1000,883,230,988,389,illegal
-53_78__0_52_2019-09-24.jpg,1000,1000,527,715,590,925,illegal
-53_78__0_52_2019-09-24.jpg,1000,1000,129,646,197,775,illegal
-53_78__0_52_2019-09-24.jpg,1000,1000,353,146,464,216,illegal
-53_78__0_56_2019-09-24.jpg,1000,1000,703,734,752,794,illegal
-53_78__0_56_2019-09-24.jpg,1000,1000,10,726,122,905,illegal
-53_7__0_32_2019-09-24.jpg,1000,1000,30,835,200,963,illegal
-53_7__0_36_2019-09-24.jpg,1000,1000,134,834,194,885,illegal
-53_7__0_44_2019-09-24.jpg,1000,1000,400,390,453,559,illegal
-53_7__0_48_2019-09-24.jpg,1000,1000,97,39,205,255,illegal
-53_7__0_48_2019-09-24.jpg,1000,1000,267,531,437,648,illegal
-53_7__0_48_2019-09-24.jpg,1000,1000,391,83,543,511,illegal
-53_7__0_48_2019-09-24.jpg,1000,1000,759,107,827,172,illegal
-53_7__0_4_2019-09-24.jpg,1000,1000,119,447,176,509,illegal
-53_7__0_52_2019-09-24.jpg,1000,1000,569,13,755,275,illegal
-53_7__0_52_2019-09-24.jpg,1000,1000,354,13,413,97,illegal
-53_7__0_52_2019-09-24.jpg,1000,1000,491,1,560,204,illegal
-53_7__0_52_2019-09-24.jpg,1000,1000,1,763,384,872,illegal
-53_7__0_52_2019-09-24.jpg,1000,1000,408,739,664,822,illegal
-53_7__0_52_2019-09-24.jpg,1000,1000,668,745,887,901,illegal
-53_7__0_52_2019-09-24.jpg,1000,1000,789,435,986,684,illegal
-53_7__0_52_2019-09-24.jpg,1000,1000,862,385,989,438,illegal
-53_7__0_52_2019-09-24.jpg,1000,1000,769,293,914,376,illegal
-53_7__0_52_2019-09-24.jpg,1000,1000,516,389,557,561,illegal
-53_7__0_52_2019-09-24.jpg,1000,1000,101,5,154,59,illegal
-53_7__0_52_2019-09-24.jpg,1000,1000,824,843,888,927,illegal
-53_82__0_28_2019-09-24.jpg,1000,1000,830,7,925,58,illegal
-53_82__0_28_2019-09-24.jpg,1000,1000,792,5,858,178,illegal
-53_82__0_32_2019-09-24.jpg,1000,1000,1,423,190,594,illegal
-53_82__0_32_2019-09-24.jpg,1000,1000,389,432,579,501,illegal
-53_82__0_32_2019-09-24.jpg,1000,1000,111,8,240,92,illegal
-53_82__0_32_2019-09-24.jpg,1000,1000,615,281,740,396,illegal
-53_82__0_32_2019-09-24.jpg,1000,1000,800,886,946,956,illegal
-53_82__0_32_2019-09-24.jpg,1000,1000,356,713,623,840,illegal
-53_82__0_48_2019-09-24.jpg,1000,1000,729,593,807,860,illegal
-53_82__0_48_2019-09-24.jpg,1000,1000,1,735,760,1000,illegal
-53_84__0_31_2019-09-24.jpg,1000,1000,148,456,221,500,illegal
-53_84__0_31_2019-09-24.jpg,1000,1000,390,710,451,841,illegal
-53_84__0_31_2019-09-24.jpg,1000,1000,18,1,191,193,illegal
-53_84__0_31_2019-09-24.jpg,1000,1000,887,180,1000,251,illegal
-53_84__0_31_2019-09-24.jpg,1000,1000,429,167,689,385,illegal
-53_84__0_35_2019-09-24.jpg,1000,1000,57,850,183,939,illegal
-53_84__0_35_2019-09-24.jpg,1000,1000,8,491,198,766,illegal
-53_84__0_35_2019-09-24.jpg,1000,1000,624,761,742,838,illegal
-53_84__0_35_2019-09-24.jpg,1000,1000,194,570,398,678,illegal
-53_84__0_35_2019-09-24.jpg,1000,1000,169,648,479,999,illegal
-53_86__0_28_2019-09-24.jpg,1000,1000,890,1,958,105,illegal
-53_86__0_28_2019-09-24.jpg,1000,1000,33,872,112,989,illegal
-53_86__0_28_2019-09-24.jpg,1000,1000,497,611,665,772,illegal
-53_86__0_32_2019-09-24.jpg,1000,1000,556,98,682,191,illegal
-53_86__0_32_2019-09-24.jpg,1000,1000,642,689,719,752,illegal
-53_86__0_32_2019-09-24.jpg,1000,1000,929,567,1000,641,illegal
-53_86__0_32_2019-09-24.jpg,1000,1000,719,1,874,103,illegal
-53_86__0_32_2019-09-24.jpg,1000,1000,541,106,818,442,illegal
-53_86__0_32_2019-09-24.jpg,1000,1000,555,431,626,559,illegal
-53_86__0_32_2019-09-24.jpg,1000,1000,459,67,563,110,illegal
-53_86__0_36_2019-09-24.jpg,1000,1000,327,22,572,95,illegal
-53_86__0_36_2019-09-24.jpg,1000,1000,819,897,986,996,illegal
-53_86__0_36_2019-09-24.jpg,1000,1000,618,811,896,903,illegal
-53_86__0_36_2019-09-24.jpg,1000,1000,434,658,691,1000,illegal
-53_86__0_36_2019-09-24.jpg,1000,1000,567,856,622,1000,illegal
-53_86__0_36_2019-09-24.jpg,1000,1000,403,856,438,929,illegal
-53_86__0_48_2019-09-24.jpg,1000,1000,258,129,346,351,illegal
-53_86__0_4_2019-09-24.jpg,1000,1000,13,910,400,993,illegal
-53_86__0_52_2019-09-24.jpg,1000,1000,1,915,109,1000,illegal
-53_86__0_52_2019-09-24.jpg,1000,1000,101,1,482,205,illegal
-53_86__0_56_2019-09-24.jpg,1000,1000,227,635,357,791,illegal
-53_86__0_56_2019-09-24.jpg,1000,1000,450,425,525,502,illegal
-53_86__0_56_2019-09-24.jpg,1000,1000,331,144,981,730,illegal
-53_86__0_56_2019-09-24.jpg,1000,1000,349,710,500,1000,illegal
-53_8__0_31_2019-09-24.jpg,1000,1000,1,188,67,229,illegal
-53_8__0_31_2019-09-24.jpg,1000,1000,184,88,355,169,illegal
-53_8__0_31_2019-09-24.jpg,1000,1000,288,756,418,929,illegal
-53_8__0_31_2019-09-24.jpg,1000,1000,318,646,440,705,illegal
-53_9__0_28_2019-09-24.jpg,1000,1000,422,532,542,743,illegal
-53_9__0_28_2019-09-24.jpg,1000,1000,643,503,836,813,illegal
-53_9__0_28_2019-09-24.jpg,1000,1000,581,266,648,311,illegal
-53_9__0_28_2019-09-24.jpg,1000,1000,2,927,127,1000,illegal
-53_9__0_44_2019-09-24.jpg,1000,1000,797,368,985,505,illegal
-53_9__0_48_2019-09-24.jpg,1000,1000,228,770,494,910,illegal
-53_9__0_56_2019-09-24.jpg,1000,1000,7,479,51,514,illegal
-53_9__0_56_2019-09-24.jpg,1000,1000,196,424,229,513,illegal
-53_9__0_56_2019-09-24.jpg,1000,1000,160,197,219,252,illegal
-53_9__0_56_2019-09-24.jpg,1000,1000,61,242,125,292,illegal
-53_9__0_56_2019-09-24.jpg,1000,1000,1,763,69,871,illegal
-53_9__0_56_2019-09-24.jpg,1000,1000,352,370,375,402,illegal
-53_9__0_56_2019-09-24.jpg,1000,1000,390,410,432,489,illegal
-53_9__0_56_2019-09-24.jpg,1000,1000,492,250,546,308,illegal
-53_9__0_56_2019-09-24.jpg,1000,1000,433,375,506,427,illegal
-53_9__0_56_2019-09-24.jpg,1000,1000,883,904,934,963,illegal
-53_9__0_56_2019-09-24.jpg,1000,1000,936,784,961,846,illegal
-60_82__-2_98_2020-07-29.jpg,1000,1000,574,705,702,1000,illegal
-60_82__-2_98_2020-07-29.jpg,1000,1000,844,640,982,821,illegal
-60_82__-2_98_2020-07-29.jpg,1000,1000,110,539,190,574,illegal
-60_82__-2_98_2020-07-29.jpg,1000,1000,1,574,994,983,illegal
-60_82__-3_02_2020-07-29.jpg,1000,1000,475,752,930,1000,illegal
-60_82__-3_02_2020-07-29.jpg,1000,1000,824,563,1000,689,illegal
-60_82__-3_02_2020-07-29.jpg,1000,1000,71,522,482,874,illegal
-60_82__-3_02_2020-07-29.jpg,1000,1000,103,869,321,972,illegal
-60_82__-3_02_2020-07-29.jpg,1000,1000,3,906,134,1000,illegal
-60_82__-3_02_2020-07-29.jpg,1000,1000,250,345,984,482,illegal
-60_82__-3_02_2020-07-29.jpg,1000,1000,4,219,302,526,illegal
-60_82__-3_02_2020-07-29.jpg,1000,1000,308,1,654,359,illegal
-60_86__-2_98_2020-07-29.jpg,1000,1000,58,874,276,1000,illegal
-60_86__-2_98_2020-07-29.jpg,1000,1000,561,157,868,1000,illegal
-60_86__-2_98_2020-07-29.jpg,1000,1000,951,901,1000,1000,illegal
-60_86__-2_98_2020-07-29.jpg,1000,1000,322,899,419,1000,illegal
-60_86__-3_02_2020-07-29.jpg,1000,1000,853,1,973,180,illegal
-60_86__-3_02_2020-07-29.jpg,1000,1000,361,851,482,1000,illegal
-60_86__-3_02_2020-07-29.jpg,1000,1000,500,921,656,1000,illegal
-60_86__-3_02_2020-07-29.jpg,1000,1000,28,630,662,884,illegal
-60_86__-3_02_2020-07-29.jpg,1000,1000,539,1,668,206,illegal
-60_86__-3_02_2020-07-29.jpg,1000,1000,326,278,356,306,illegal
-60_86__-3_02_2020-07-29.jpg,1000,1000,1,303,283,636,illegal
-60_86__-3_02_2020-07-29.jpg,1000,1000,242,253,584,630,illegal
-60_86__-3_02_2020-07-29.jpg,1000,1000,886,256,1000,446,illegal
-60_86__-3_02_2020-07-29.jpg,1000,1000,532,381,886,588,illegal
-60_86__-3_02_2020-07-29.jpg,1000,1000,749,203,878,334,illegal
-60_86__-3_02_2020-07-29.jpg,1000,1000,614,200,753,384,illegal
-60_86__-3_02_2020-07-29.jpg,1000,1000,1,1,327,126,illegal
-63_19__3_54_2019-09-21.jpg,1000,1000,497,2,551,44,illegal
-63_19__3_54_2019-09-21.jpg,1000,1000,256,321,546,861,illegal
-63_19__3_54_2019-09-21.jpg,1000,1000,199,733,256,824,illegal
-63_19__3_54_2019-09-21.jpg,1000,1000,544,756,688,955,illegal
-63_19__3_58_2019-09-21.jpg,1000,1000,912,439,967,475,illegal
-63_19__3_58_2019-09-21.jpg,1000,1000,825,579,853,607,illegal
-63_19__3_62_2019-09-21.jpg,1000,1000,65,61,148,195,illegal
-63_19__3_62_2019-09-21.jpg,1000,1000,522,463,583,564,illegal
-63_19__3_66_2019-09-21.jpg,1000,1000,116,909,197,1000,illegal
-63_23__3_54_2019-09-21.jpg,1000,1000,713,444,905,634,illegal
-63_23__3_57_2018-03-15.jpg,1000,1000,691,671,899,777,illegal
-63_23__3_57_2019-03-15.jpg,1000,1000,690,665,883,767,illegal
-63_23__3_57_2020-09-20.jpg,1000,1000,681,672,808,723,illegal
-63_23__3_58_2019-09-21.jpg,1000,1000,610,803,636,825,illegal
-63_23__3_62_2019-09-21.jpg,1000,1000,123,152,233,249,illegal
-63_23__3_62_2019-09-21.jpg,1000,1000,798,169,946,226,illegal
-63_23__3_66_2019-09-21.jpg,1000,1000,654,794,837,929,illegal
-63_23__3_66_2019-09-21.jpg,1000,1000,1,679,82,882,illegal
-63_23__3_66_2019-09-21.jpg,1000,1000,518,569,577,598,illegal
-63_23__3_66_2019-09-21.jpg,1000,1000,917,420,1000,478,illegal
-63_23__3_66_2019-09-21.jpg,1000,1000,356,627,522,733,illegal
-63_23__3_66_2019-09-21.jpg,1000,1000,366,543,408,581,illegal
-63_23__3_66_2019-09-21.jpg,1000,1000,299,364,340,389,illegal
-63_27__3_54_2019-09-21.jpg,1000,1000,585,701,667,772,illegal
-63_27__3_57_2018-03-15.jpg,1000,1000,287,173,330,226,illegal
-63_27__3_57_2019-03-15.jpg,1000,1000,254,300,313,358,illegal
-63_27__3_57_2020-09-20.jpg,1000,1000,909,660,954,733,illegal
-63_27__3_58_2019-09-21.jpg,1000,1000,600,322,689,510,illegal
-63_27__3_58_2019-09-21.jpg,1000,1000,682,589,717,627,illegal
-63_27__3_58_2019-09-21.jpg,1000,1000,848,713,958,907,illegal
-63_27__3_62_2019-09-21.jpg,1000,1000,263,882,409,966,illegal
-63_27__3_62_2019-09-21.jpg,1000,1000,1,597,178,803,illegal
-63_27__3_66_2019-09-21.jpg,1000,1000,43,606,93,657,illegal
-63_27__3_66_2019-09-21.jpg,1000,1000,224,527,418,619,illegal
-63_27__3_66_2019-09-21.jpg,1000,1000,778,675,1000,1000,illegal
-63_27__3_66_2019-09-21.jpg,1000,1000,523,541,586,586,illegal
-63_27__3_66_2019-09-21.jpg,1000,1000,76,622,664,945,illegal
-63_27__3_66_2019-09-21.jpg,1000,1000,705,827,781,869,illegal
-63_27__3_66_2019-09-21.jpg,1000,1000,727,623,776,678,illegal
-63_27__3_66_2019-09-21.jpg,1000,1000,65,377,182,466,illegal
-63_31__3_54_2019-09-21.jpg,1000,1000,14,15,180,168,illegal
-63_31__3_54_2019-09-21.jpg,1000,1000,186,93,211,115,illegal
-63_31__3_54_2019-09-21.jpg,1000,1000,231,1,335,115,illegal
-63_31__3_57_2018-03-15.jpg,1000,1000,499,335,585,397,illegal
-63_31__3_57_2018-03-15.jpg,1000,1000,232,516,574,839,illegal
-63_31__3_57_2018-03-15.jpg,1000,1000,387,479,465,501,illegal
-63_31__3_57_2018-03-15.jpg,1000,1000,47,670,193,923,illegal
-63_31__3_57_2018-03-15.jpg,1000,1000,335,120,369,168,illegal
-63_31__3_57_2018-03-15.jpg,1000,1000,436,153,500,196,illegal
-63_31__3_57_2018-03-15.jpg,1000,1000,485,23,531,47,illegal
-63_31__3_57_2018-03-15.jpg,1000,1000,613,166,672,251,illegal
-63_31__3_57_2018-03-15.jpg,1000,1000,826,2,859,70,illegal
-63_31__3_57_2018-03-15.jpg,1000,1000,740,129,816,191,illegal
-63_31__3_57_2018-03-15.jpg,1000,1000,421,403,483,438,illegal
-63_31__3_57_2018-03-15.jpg,1000,1000,461,417,579,463,illegal
-63_31__3_57_2018-03-15.jpg,1000,1000,807,90,827,105,illegal
-63_31__3_57_2019-03-15.jpg,1000,1000,216,543,546,857,illegal
-63_31__3_57_2019-03-15.jpg,1000,1000,56,668,183,904,illegal
-63_31__3_57_2019-03-15.jpg,1000,1000,366,277,579,464,illegal
-63_31__3_57_2019-03-15.jpg,1000,1000,398,476,467,502,illegal
-63_31__3_57_2019-03-15.jpg,1000,1000,724,266,762,320,illegal
-63_31__3_57_2019-03-15.jpg,1000,1000,602,331,658,403,illegal
-63_31__3_57_2019-03-15.jpg,1000,1000,736,68,771,97,illegal
-63_31__3_57_2019-03-15.jpg,1000,1000,819,1,862,68,illegal
-63_31__3_57_2019-03-15.jpg,1000,1000,414,131,681,233,illegal
-63_31__3_57_2019-03-15.jpg,1000,1000,477,20,525,51,illegal
-63_31__3_57_2019-03-15.jpg,1000,1000,540,946,585,975,illegal
-63_31__3_57_2020-09-20.jpg,1000,1000,78,530,216,608,illegal
-63_31__3_57_2020-09-20.jpg,1000,1000,1,758,157,923,illegal
-63_31__3_57_2020-09-20.jpg,1000,1000,173,455,627,994,illegal
-63_31__3_57_2020-09-20.jpg,1000,1000,341,285,555,464,illegal
-63_31__3_57_2020-09-20.jpg,1000,1000,711,269,800,348,illegal
-63_31__3_57_2020-09-20.jpg,1000,1000,615,342,693,386,illegal
-63_31__3_57_2020-09-20.jpg,1000,1000,336,109,679,228,illegal
-63_31__3_57_2020-09-20.jpg,1000,1000,696,1,807,125,illegal
-63_31__3_58_2019-09-21.jpg,1000,1000,211,793,543,1000,illegal
-63_31__3_58_2019-09-21.jpg,1000,1000,318,528,574,729,illegal
-63_31__3_58_2019-09-21.jpg,1000,1000,714,497,811,563,illegal
-63_31__3_58_2019-09-21.jpg,1000,1000,605,583,658,647,illegal
-63_31__3_58_2019-09-21.jpg,1000,1000,338,382,725,466,illegal
-63_31__3_58_2019-09-21.jpg,1000,1000,683,188,825,419,illegal
-63_31__3_58_2019-09-21.jpg,1000,1000,533,57,830,208,illegal
-63_31__3_62_2019-09-21.jpg,1000,1000,528,1,588,85,illegal
-63_31__3_62_2019-09-21.jpg,1000,1000,538,110,660,257,illegal
-63_31__3_62_2019-09-21.jpg,1000,1000,621,907,709,1000,illegal
-63_31__3_62_2019-09-21.jpg,1000,1000,256,290,890,904,illegal
-63_31__3_62_2019-09-21.jpg,1000,1000,463,910,541,996,illegal
-63_31__3_62_2019-09-21.jpg,1000,1000,316,979,346,997,illegal
-63_31__3_66_2019-09-21.jpg,1000,1000,530,820,674,1000,illegal
-63_31__3_66_2019-09-21.jpg,1000,1000,862,692,947,834,illegal
-63_31__3_66_2019-09-21.jpg,1000,1000,911,869,998,916,illegal
-63_31__3_66_2019-09-21.jpg,1000,1000,732,799,801,999,illegal
-63_59__3_705_2020-03-04.jpg,1000,1000,37,76,482,330,illegal
-63_59__3_705_2020-03-04.jpg,1000,1000,68,199,191,291,illegal
-63_59__3_705_2020-03-04.jpg,1000,1000,556,571,596,642,illegal
-63_59__3_705_2020-03-04.jpg,1000,1000,361,623,419,798,illegal
-63_59__3_705_2020-03-04.jpg,1000,1000,453,603,556,831,illegal
-63_59__3_705_2020-09-13.jpg,1000,1000,362,731,407,849,illegal
-63_59__3_705_2020-09-13.jpg,1000,1000,462,731,529,818,illegal
-63_59__3_705_2020-09-13.jpg,1000,1000,452,604,552,708,illegal
-63_59__3_705_2020-09-13.jpg,1000,1000,360,629,391,708,illegal
-63_59__3_705_2020-09-13.jpg,1000,1000,53,74,481,327,illegal
-63_59__3_705_2020-12-04.jpg,1000,1000,366,783,414,855,illegal
-63_59__3_705_2020-12-04.jpg,1000,1000,470,764,510,821,illegal
-63_59__3_705_2020-12-04.jpg,1000,1000,389,730,408,762,illegal
-63_59__3_705_2020-12-04.jpg,1000,1000,566,574,596,624,illegal
-63_59__3_705_2020-12-04.jpg,1000,1000,31,82,409,241,illegal
-63_59__3_705_2020-12-04.jpg,1000,1000,376,250,479,330,illegal
-63_59__3_75_2020-03-04.jpg,1000,1000,978,879,1000,902,illegal
-63_59__3_75_2020-09-13.jpg,1000,1000,966,619,996,639,illegal
-63_59__3_75_2020-09-13.jpg,1000,1000,975,877,999,903,illegal
-63_59__3_75_2020-12-04.jpg,1000,1000,958,948,984,990,illegal
-63_635__3_705_2020-03-04.jpg,1000,1000,452,194,599,232,illegal
-63_635__3_705_2020-03-04.jpg,1000,1000,1,75,222,182,illegal
-63_635__3_705_2020-03-04.jpg,1000,1000,763,160,899,218,illegal
-63_635__3_705_2020-03-04.jpg,1000,1000,966,92,1000,123,illegal
-63_635__3_705_2020-03-04.jpg,1000,1000,790,115,811,137,illegal
-63_635__3_705_2020-03-04.jpg,1000,1000,678,133,716,151,illegal
-63_635__3_705_2020-03-04.jpg,1000,1000,574,51,603,86,illegal
-63_635__3_705_2020-03-04.jpg,1000,1000,437,27,465,80,illegal
-63_635__3_705_2020-03-04.jpg,1000,1000,126,1,441,144,illegal
-63_635__3_705_2020-03-04.jpg,1000,1000,78,1,99,39,illegal
-63_635__3_705_2020-09-13.jpg,1000,1000,1,81,213,178,illegal
-63_635__3_705_2020-09-13.jpg,1000,1000,123,1,403,132,illegal
-63_635__3_705_2020-09-13.jpg,1000,1000,411,115,458,139,illegal
-63_635__3_705_2020-09-13.jpg,1000,1000,436,26,470,80,illegal
-63_635__3_705_2020-09-13.jpg,1000,1000,552,41,611,67,illegal
-63_635__3_705_2020-09-13.jpg,1000,1000,672,125,688,148,illegal
-63_635__3_705_2020-09-13.jpg,1000,1000,780,158,935,236,illegal
-63_635__3_705_2020-09-13.jpg,1000,1000,972,92,993,116,illegal
-63_635__3_705_2020-09-13.jpg,1000,1000,787,115,806,133,illegal
-63_635__3_705_2020-09-13.jpg,1000,1000,381,181,596,237,illegal
-63_635__3_705_2020-12-04.jpg,1000,1000,89,90,214,176,illegal
-63_635__3_705_2020-12-04.jpg,1000,1000,49,89,67,107,illegal
-63_635__3_705_2020-12-04.jpg,1000,1000,9,80,35,108,illegal
-63_635__3_705_2020-12-04.jpg,1000,1000,1,124,7,138,illegal
-63_635__3_705_2020-12-04.jpg,1000,1000,459,199,570,233,illegal
-63_635__3_705_2020-12-04.jpg,1000,1000,384,180,439,203,illegal
-63_635__3_705_2020-12-04.jpg,1000,1000,122,1,404,133,illegal
-63_635__3_705_2020-12-04.jpg,1000,1000,431,30,466,80,illegal
-63_635__3_705_2020-12-04.jpg,1000,1000,558,43,601,66,illegal
-63_635__3_705_2020-12-04.jpg,1000,1000,675,132,696,149,illegal
-63_635__3_705_2020-12-04.jpg,1000,1000,769,119,817,135,illegal
-63_635__3_705_2020-12-04.jpg,1000,1000,763,162,897,236,illegal
-63_635__3_705_2020-12-04.jpg,1000,1000,974,92,988,115,illegal
-63_635__3_705_2020-12-04.jpg,1000,1000,560,146,579,165,illegal
-63_635__3_75_2020-03-04.jpg,1000,1000,53,874,164,1000,illegal
-63_635__3_75_2020-09-13.jpg,1000,1000,120,948,150,974,illegal
-63_635__3_75_2020-12-04.jpg,1000,1000,73,933,118,962,illegal
-63_64__3_74_2019-02-26.jpg,1000,1000,177,619,312,780,illegal
-63_64__3_74_2019-02-26.jpg,1000,1000,126,954,175,988,illegal
-63_64__3_74_2019-02-26.jpg,1000,1000,253,851,593,1000,illegal
-63_64__3_74_2019-02-26.jpg,1000,1000,767,920,789,945,illegal
-63_64__3_74_2019-02-26.jpg,1000,1000,206,854,240,912,illegal
-63_64__3_74_2019-02-26.jpg,1000,1000,58,819,193,946,illegal
-63_64__3_74_2019-02-26.jpg,1000,1000,605,970,623,1000,illegal
-63_64__3_7_2019-02-26.jpg,1000,1000,557,55,799,113,illegal
-63_64__3_7_2019-02-26.jpg,1000,1000,6,1,86,74,illegal
-63_64__3_7_2019-02-26.jpg,1000,1000,336,1,368,32,illegal
-63_64__3_7_2019-02-26.jpg,1000,1000,489,1,618,23,illegal
-63_64__3_7_2019-02-26.jpg,1000,1000,886,3,906,25,illegal
-63_675__3_705_2020-03-04.jpg,1000,1000,34,529,239,706,illegal
-63_675__3_705_2020-03-04.jpg,1000,1000,51,713,133,768,illegal
-63_675__3_705_2020-03-04.jpg,1000,1000,15,739,40,754,illegal
-63_675__3_705_2020-03-04.jpg,1000,1000,243,540,553,671,illegal
-63_675__3_705_2020-03-04.jpg,1000,1000,353,431,652,575,illegal
-63_675__3_705_2020-03-04.jpg,1000,1000,519,127,770,269,illegal
-63_675__3_705_2020-03-04.jpg,1000,1000,868,92,1000,197,illegal
-63_675__3_705_2020-03-04.jpg,1000,1000,928,6,1000,55,illegal
-63_675__3_705_2020-09-13.jpg,1000,1000,502,118,754,280,illegal
-63_675__3_705_2020-09-13.jpg,1000,1000,620,420,648,456,illegal
-63_675__3_705_2020-09-13.jpg,1000,1000,348,476,514,568,illegal
-63_675__3_705_2020-09-13.jpg,1000,1000,259,542,553,669,illegal
-63_675__3_705_2020-09-13.jpg,1000,1000,88,539,264,680,illegal
-63_675__3_705_2020-09-13.jpg,1000,1000,49,720,115,767,illegal
-63_675__3_705_2020-09-13.jpg,1000,1000,19,676,85,713,illegal
-63_675__3_705_2020-09-13.jpg,1000,1000,17,739,39,750,illegal
-63_675__3_705_2020-09-13.jpg,1000,1000,864,101,1000,192,illegal
-63_675__3_705_2020-09-13.jpg,1000,1000,922,4,1000,63,illegal
-63_675__3_705_2020-09-13.jpg,1000,1000,518,459,616,507,illegal
-63_675__3_705_2020-12-04.jpg,1000,1000,352,475,468,571,illegal
-63_675__3_705_2020-12-04.jpg,1000,1000,454,485,569,526,illegal
-63_675__3_705_2020-12-04.jpg,1000,1000,241,544,553,666,illegal
-63_675__3_705_2020-12-04.jpg,1000,1000,17,541,258,714,illegal
-63_675__3_705_2020-12-04.jpg,1000,1000,49,709,149,760,illegal
-63_675__3_705_2020-12-04.jpg,1000,1000,479,132,793,298,illegal
-63_675__3_705_2020-12-04.jpg,1000,1000,863,98,1000,205,illegal
-63_675__3_705_2020-12-04.jpg,1000,1000,924,6,992,68,illegal
-63_675__3_75_2020-03-04.jpg,1000,1000,818,713,867,763,illegal
-63_675__3_75_2020-03-04.jpg,1000,1000,409,421,473,442,illegal
-63_675__3_75_2020-03-04.jpg,1000,1000,302,292,323,324,illegal
-63_675__3_75_2020-03-04.jpg,1000,1000,156,162,195,195,illegal
-63_675__3_75_2020-09-13.jpg,1000,1000,819,712,865,760,illegal
-63_675__3_75_2020-09-13.jpg,1000,1000,562,543,648,616,illegal
-63_675__3_75_2020-09-13.jpg,1000,1000,519,514,565,531,illegal
-63_675__3_75_2020-12-04.jpg,1000,1000,812,713,847,728,illegal
-63_67__2_485_2018-03-15.jpg,1000,1000,51,74,206,129,illegal
-63_67__2_485_2018-03-15.jpg,1000,1000,207,120,386,248,illegal
-63_67__2_485_2018-03-15.jpg,1000,1000,381,125,553,223,illegal
-63_67__2_485_2018-03-15.jpg,1000,1000,556,133,598,166,illegal
-63_67__2_485_2018-03-15.jpg,1000,1000,687,121,742,163,illegal
-63_67__2_485_2018-03-15.jpg,1000,1000,740,174,793,198,illegal
-63_67__2_485_2018-03-15.jpg,1000,1000,777,140,818,170,illegal
-63_67__2_485_2018-03-15.jpg,1000,1000,852,166,937,194,illegal
-63_68__3_74_2019-02-26.jpg,1000,1000,930,460,991,511,illegal
-63_68__3_74_2019-02-26.jpg,1000,1000,688,290,776,374,illegal
-63_68__3_74_2019-02-26.jpg,1000,1000,546,177,610,198,illegal
-63_68__3_7_2019-02-26.jpg,1000,1000,655,5,844,125,illegal
-63_68__3_7_2019-02-26.jpg,1000,1000,159,414,359,580,illegal
-63_68__3_7_2019-02-26.jpg,1000,1000,145,591,259,641,illegal
-63_68__3_7_2019-02-26.jpg,1000,1000,375,443,616,549,illegal
-63_68__3_7_2019-02-26.jpg,1000,1000,442,355,567,458,illegal
-63_68__3_7_2019-02-26.jpg,1000,1000,401,453,428,476,illegal
-63_68__3_7_2019-02-26.jpg,1000,1000,631,419,673,451,illegal
-63_68__3_7_2019-02-26.jpg,1000,1000,578,355,698,403,illegal
-63_68__3_7_2019-02-26.jpg,1000,1000,755,303,770,323,illegal
-63_6__3_74_2019-02-26.jpg,1000,1000,214,967,250,991,illegal
-63_6__3_7_2019-02-26.jpg,1000,1000,564,92,713,208,illegal
-63_6__3_7_2019-02-26.jpg,1000,1000,705,515,803,595,illegal
-63_6__3_7_2019-02-26.jpg,1000,1000,613,519,678,672,illegal
-63_6__3_7_2019-02-26.jpg,1000,1000,12,29,142,109,illegal
-63_6__3_7_2019-02-26.jpg,1000,1000,322,80,439,170,illegal
-63_6__3_7_2019-02-26.jpg,1000,1000,811,452,850,511,illegal
-63_6__3_7_2019-02-26.jpg,1000,1000,788,270,869,333,illegal
-63_71__2_485_2018-03-15.jpg,1000,1000,769,831,860,903,illegal
-63_71__2_485_2018-03-15.jpg,1000,1000,1,379,67,488,illegal
-63_71__2_485_2018-03-15.jpg,1000,1000,96,524,185,725,illegal
-63_71__2_485_2018-03-15.jpg,1000,1000,139,358,266,418,illegal
-63_71__2_485_2018-03-15.jpg,1000,1000,310,309,416,371,illegal
-63_71__2_485_2018-03-15.jpg,1000,1000,420,318,621,400,illegal
-63_71__2_485_2018-03-15.jpg,1000,1000,602,135,756,326,illegal
-63_71__2_485_2018-03-15.jpg,1000,1000,548,182,600,263,illegal
-63_71__2_485_2018-03-15.jpg,1000,1000,797,164,905,243,illegal
-63_71__2_485_2018-03-15.jpg,1000,1000,750,90,1000,177,illegal
-63_71__2_485_2018-03-15.jpg,1000,1000,175,769,215,862,illegal
-63_88__2_5_2020-09-18.jpg,1000,1000,1,570,66,639,illegal
-63_92__2_5_2020-09-18.jpg,1000,1000,758,309,828,403,illegal
-63_92__2_5_2020-09-18.jpg,1000,1000,750,574,781,612,illegal
-63_92__2_5_2020-09-18.jpg,1000,1000,1,560,202,735,illegal
-63_92__2_5_2020-09-18.jpg,1000,1000,1,447,105,559,illegal
-63_92__2_5_2020-09-18.jpg,1000,1000,1,771,36,838,illegal
-63_92__2_5_2020-09-18.jpg,1000,1000,212,621,367,902,illegal
-63_92__2_5_2020-09-18.jpg,1000,1000,285,525,312,558,illegal
-63_92__2_5_2020-09-18.jpg,1000,1000,306,569,356,616,illegal
-63_92__2_5_2020-09-18.jpg,1000,1000,337,437,383,468,illegal
-63_92__2_5_2020-09-18.jpg,1000,1000,393,267,439,309,illegal
-63_92__2_5_2020-09-18.jpg,1000,1000,459,303,488,347,illegal
-63_92__2_5_2020-09-18.jpg,1000,1000,395,358,422,383,illegal
-63_92__2_5_2020-09-18.jpg,1000,1000,469,352,592,440,illegal
-63_92__2_5_2020-09-18.jpg,1000,1000,402,423,444,459,illegal
-63_92__2_5_2020-09-18.jpg,1000,1000,367,593,504,858,illegal
-63_92__2_5_2020-09-18.jpg,1000,1000,456,478,628,706,illegal
-63_92__2_5_2020-09-18.jpg,1000,1000,837,515,1000,818,illegal
-63_96__2_5_2020-09-18.jpg,1000,1000,418,91,507,143,illegal
-63_96__2_5_2020-09-18.jpg,1000,1000,417,1,493,63,illegal
-63_96__2_5_2020-09-18.jpg,1000,1000,130,884,268,1000,illegal
-63_96__2_5_2020-09-18.jpg,1000,1000,647,279,884,447,illegal
-63_96__2_5_2020-09-18.jpg,1000,1000,393,647,600,840,illegal
-63_96__2_5_2020-09-18.jpg,1000,1000,587,943,721,1000,illegal
-63_96__2_5_2020-09-18.jpg,1000,1000,983,542,1000,594,illegal
-63_96__2_5_2020-09-18.jpg,1000,1000,817,111,989,336,illegal
-63_96__2_5_2020-09-18.jpg,1000,1000,600,1,830,182,illegal
-63_96__2_5_2020-09-18.jpg,1000,1000,933,29,984,70,illegal
-63_96__2_5_2020-09-18.jpg,1000,1000,952,755,1000,821,illegal
-63_96__2_5_2020-09-18.jpg,1000,1000,696,891,844,951,illegal
-63_96__2_5_2020-09-18.jpg,1000,1000,647,496,671,517,illegal
-64_0__2_5_2020-09-18.jpg,1000,1000,74,542,129,648,illegal
-64_0__2_5_2020-09-18.jpg,1000,1000,279,685,407,1000,illegal
-64_0__2_5_2020-09-18.jpg,1000,1000,530,617,731,889,illegal
-64_0__2_5_2020-09-18.jpg,1000,1000,479,702,506,727,illegal
-64_0__2_5_2020-09-18.jpg,1000,1000,790,792,984,976,illegal
-64_0__2_5_2020-09-18.jpg,1000,1000,7,889,167,959,illegal
-70_78__-3_43_2021-01-17.jpg,1000,1000,194,544,236,595,illegal
-70_82__-3_43_2021-01-17.jpg,1000,1000,2,493,305,964,illegal
-70_86__-3_47_2021-01-17.jpg,1000,1000,267,180,390,362,illegal
-70_86__-3_47_2021-01-17.jpg,1000,1000,166,685,354,835,illegal
-70_86__-3_51_2021-01-17.jpg,1000,1000,1,1,74,73,illegal
-70_86__-3_51_2021-01-17.jpg,1000,1000,909,426,958,507,illegal
-70_88__-3_77_2021-01-17.jpg,1000,1000,119,631,236,750,illegal
-70_88__-3_77_2021-01-17.jpg,1000,1000,466,897,547,1000,illegal
-70_88__-3_77_2021-01-17.jpg,1000,1000,724,940,940,1000,illegal
-70_88__-3_81_2021-01-17.jpg,1000,1000,1,402,29,485,illegal
-70_88__-3_81_2021-01-17.jpg,1000,1000,45,565,100,605,illegal
-70_88__-3_81_2021-01-17.jpg,1000,1000,1,791,185,877,illegal
-70_88__-3_81_2021-01-17.jpg,1000,1000,1,695,81,791,illegal
-70_88__-3_81_2021-01-17.jpg,1000,1000,165,599,292,762,illegal
-70_88__-3_81_2021-01-17.jpg,1000,1000,566,761,605,819,illegal
-70_88__-3_81_2021-01-17.jpg,1000,1000,579,589,623,723,illegal
-70_88__-3_81_2021-01-17.jpg,1000,1000,630,505,690,633,illegal
-70_88__-3_81_2021-01-17.jpg,1000,1000,180,333,437,488,illegal
-70_88__-3_81_2021-01-17.jpg,1000,1000,361,154,470,244,illegal
-70_88__-3_81_2021-01-17.jpg,1000,1000,798,680,826,726,illegal
-70_88__-3_81_2021-01-17.jpg,1000,1000,719,525,753,550,illegal
-70_88__-3_81_2021-01-17.jpg,1000,1000,721,636,748,668,illegal
-70_88__-3_81_2021-01-17.jpg,1000,1000,759,396,859,579,illegal
-70_88__-3_81_2021-01-17.jpg,1000,1000,812,456,1000,673,illegal
-70_88__-3_81_2021-01-17.jpg,1000,1000,513,34,613,174,illegal
-70_88__-3_81_2021-01-17.jpg,1000,1000,462,1,548,42,illegal
-70_88__-3_81_2021-01-17.jpg,1000,1000,559,120,928,361,illegal
-70_88__-3_81_2021-01-17.jpg,1000,1000,729,1,1000,130,illegal
-70_88__-3_81_2021-01-17.jpg,1000,1000,506,382,595,471,illegal
-70_92__-3_81_2021-01-17.jpg,1000,1000,98,231,190,354,illegal
-70_92__-3_81_2021-01-17.jpg,1000,1000,248,414,371,512,illegal
-70_92__-3_81_2021-01-17.jpg,1000,1000,126,608,192,680,illegal
-70_92__-3_81_2021-01-17.jpg,1000,1000,176,562,221,606,illegal
-70_92__-3_81_2021-01-17.jpg,1000,1000,195,614,334,718,illegal
-70_92__-3_81_2021-01-17.jpg,1000,1000,359,648,557,827,illegal
-70_92__-3_81_2021-01-17.jpg,1000,1000,619,625,816,789,illegal
-70_92__-3_81_2021-01-17.jpg,1000,1000,637,850,686,902,illegal
-70_92__-3_81_2021-01-17.jpg,1000,1000,927,662,962,718,illegal
-70_92__-3_81_2021-01-17.jpg,1000,1000,452,279,917,550,illegal
-70_92__-3_81_2021-01-17.jpg,1000,1000,7,509,43,542,illegal
-70_92__-3_81_2021-01-17.jpg,1000,1000,10,450,41,475,illegal
-70_94__-3_43_2021-01-17.jpg,1000,1000,185,624,343,837,illegal
-70_94__-3_43_2021-01-17.jpg,1000,1000,558,510,583,543,illegal
-70_94__-3_51_2021-01-17.jpg,1000,1000,198,473,320,593,illegal
-70_94__-3_51_2021-01-17.jpg,1000,1000,391,502,564,762,illegal
-70_94__-3_51_2021-01-17.jpg,1000,1000,564,339,608,485,illegal
-70_94__-3_51_2021-01-17.jpg,1000,1000,418,831,518,927,illegal
-70_94__-3_51_2021-01-17.jpg,1000,1000,117,742,347,1000,illegal
-70_96__-3_81_2021-01-17.jpg,1000,1000,78,299,237,405,illegal
-70_96__-3_81_2021-01-17.jpg,1000,1000,243,1,301,88,illegal
-70_96__-3_81_2021-01-17.jpg,1000,1000,138,4,186,35,illegal
-70_96__-3_81_2021-01-17.jpg,1000,1000,283,67,560,332,illegal
-70_96__-3_81_2021-01-17.jpg,1000,1000,684,469,851,584,illegal
-70_96__-3_81_2021-01-17.jpg,1000,1000,676,236,933,376,illegal
-70_96__-3_81_2021-01-17.jpg,1000,1000,107,697,289,873,illegal
-70_98__-3_55_2021-01-17.jpg,1000,1000,326,736,443,898,illegal
-70_98__-3_55_2021-01-17.jpg,1000,1000,363,663,454,726,illegal
-70_98__-3_55_2021-01-17.jpg,1000,1000,321,566,421,636,illegal
-70_98__-3_55_2021-01-17.jpg,1000,1000,258,653,313,763,illegal
-70_98__-3_55_2021-01-17.jpg,1000,1000,257,789,307,805,illegal
-70_98__-3_55_2021-01-17.jpg,1000,1000,124,776,179,857,illegal
-70_98__-3_55_2021-01-17.jpg,1000,1000,21,690,112,769,illegal
-70_98__-3_55_2021-01-17.jpg,1000,1000,128,935,178,1000,illegal
-70_9__-3_43_2021-01-17.jpg,1000,1000,296,28,336,95,illegal
-70_9__-3_47_2021-01-17.jpg,1000,1000,603,211,658,245,illegal
-70_9__-3_47_2021-01-17.jpg,1000,1000,479,55,538,93,illegal
-70_9__-3_47_2021-01-17.jpg,1000,1000,924,968,1000,1000,illegal
-70_9__-3_51_2021-01-17.jpg,1000,1000,784,671,953,779,illegal
-70_9__-3_51_2021-01-17.jpg,1000,1000,1,883,35,924,illegal
-70_9__-3_51_2021-01-17.jpg,1000,1000,97,912,147,948,illegal
-70_9__-3_51_2021-01-17.jpg,1000,1000,268,884,354,935,illegal
-70_9__-3_51_2021-01-17.jpg,1000,1000,940,1,1000,244,illegal
-71_02__-3_43_2021-01-17.jpg,1000,1000,79,140,187,303,illegal
-71_02__-3_43_2021-01-17.jpg,1000,1000,23,447,112,725,illegal
-71_02__-3_43_2021-01-17.jpg,1000,1000,62,1,125,42,illegal
-71_02__-3_43_2021-01-17.jpg,1000,1000,377,196,454,297,illegal
-71_02__-3_51_2021-01-17.jpg,1000,1000,165,446,315,632,illegal
-71_02__-3_51_2021-01-17.jpg,1000,1000,9,512,107,619,illegal
-71_02__-3_51_2021-01-17.jpg,1000,1000,709,628,811,701,illegal
-71_02__-3_51_2021-01-17.jpg,1000,1000,949,576,1000,609,illegal
-71_02__-3_51_2021-01-17.jpg,1000,1000,392,691,473,793,illegal
-71_02__-3_51_2021-01-17.jpg,1000,1000,285,656,362,769,illegal
-71_02__-3_51_2021-01-17.jpg,1000,1000,4,800,146,866,illegal
-71_02__-3_55_2021-01-17.jpg,1000,1000,206,245,248,274,illegal
-71_02__-3_55_2021-01-17.jpg,1000,1000,269,273,364,358,illegal
-71_02__-3_55_2021-01-17.jpg,1000,1000,395,296,514,371,illegal
-71_02__-3_55_2021-01-17.jpg,1000,1000,586,337,615,355,illegal
-71_02__-3_55_2021-01-17.jpg,1000,1000,669,350,725,440,illegal
-71_02__-3_55_2021-01-17.jpg,1000,1000,566,425,731,534,illegal
-71_02__-3_55_2021-01-17.jpg,1000,1000,231,390,298,467,illegal
-71_02__-3_55_2021-01-17.jpg,1000,1000,564,588,693,775,illegal
-71_02__-3_55_2021-01-17.jpg,1000,1000,439,773,577,862,illegal
-71_0__-3_77_2021-01-17.jpg,1000,1000,607,831,662,853,illegal
-71_0__-3_77_2021-01-17.jpg,1000,1000,555,670,627,715,illegal
-71_0__-3_77_2021-01-17.jpg,1000,1000,505,769,541,793,illegal
-71_0__-3_77_2021-01-17.jpg,1000,1000,575,908,611,926,illegal
-71_0__-3_81_2021-01-17.jpg,1000,1000,104,224,212,342,illegal
-71_0__-3_81_2021-01-17.jpg,1000,1000,647,219,721,263,illegal
-71_0__-3_81_2021-01-17.jpg,1000,1000,548,229,574,252,illegal
-71_0__-3_81_2021-01-17.jpg,1000,1000,634,375,661,410,illegal
-71_0__-3_81_2021-01-17.jpg,1000,1000,721,93,762,114,illegal
-71_0__-3_81_2021-01-17.jpg,1000,1000,525,162,574,184,illegal
-71_12__-3_77_2021-01-17.jpg,1000,1000,550,760,601,806,illegal
-71_12__-3_77_2021-01-17.jpg,1000,1000,337,713,393,738,illegal
-71_12__-3_77_2021-01-17.jpg,1000,1000,272,777,447,911,illegal
-71_12__-3_77_2021-01-17.jpg,1000,1000,133,863,367,1000,illegal
-71_12__-3_77_2021-01-17.jpg,1000,1000,467,911,520,1000,illegal
-71_12__-3_81_2021-01-17.jpg,1000,1000,292,138,544,449,illegal
-71_12__-3_81_2021-01-17.jpg,1000,1000,140,255,229,327,illegal
-71_12__-3_81_2021-01-17.jpg,1000,1000,457,1,497,28,illegal
-71_12__-3_81_2021-01-17.jpg,1000,1000,141,1,313,105,illegal
-71_12__-3_81_2021-01-17.jpg,1000,1000,1,52,183,224,illegal
-71_16__-3_77_2021-01-17.jpg,1000,1000,101,250,174,335,illegal
-71_16__-3_81_2021-01-17.jpg,1000,1000,339,413,378,450,illegal
-71_16__-3_81_2021-01-17.jpg,1000,1000,418,435,462,492,illegal
-71_16__-3_81_2021-01-17.jpg,1000,1000,576,449,886,705,illegal
-71_16__-3_81_2021-01-17.jpg,1000,1000,477,117,1000,511,illegal
-71_16__-3_81_2021-01-17.jpg,1000,1000,864,319,1000,438,illegal
-71_2__-3_77_2021-01-17.jpg,1000,1000,1,311,33,373,illegal
-71_2__-3_77_2021-01-17.jpg,1000,1000,65,15,292,232,illegal
-71_2__-3_77_2021-01-17.jpg,1000,1000,105,662,267,746,illegal
-71_2__-3_77_2021-01-17.jpg,1000,1000,369,43,560,167,illegal
-71_2__-3_77_2021-01-17.jpg,1000,1000,49,169,434,660,illegal
-71_2__-3_77_2021-01-17.jpg,1000,1000,644,620,675,720,illegal
-71_2__-3_77_2021-01-17.jpg,1000,1000,80,784,133,919,illegal
-71_31__-3_68_2021-01-17.jpg,1000,1000,669,483,773,559,illegal
-71_31__-3_6_2021-01-17.jpg,1000,1000,144,899,368,1000,illegal
-71_31__-3_72_2021-01-17.jpg,1000,1000,754,240,855,290,illegal
-71_31__-3_72_2021-01-17.jpg,1000,1000,686,321,750,395,illegal
-71_31__-3_72_2021-01-17.jpg,1000,1000,303,250,509,452,illegal
-71_31__-3_72_2021-01-17.jpg,1000,1000,1,345,330,774,illegal
-71_31__-3_72_2021-01-17.jpg,1000,1000,527,467,625,566,illegal
-71_31__-3_72_2021-01-17.jpg,1000,1000,379,656,549,931,illegal
-71_31__-3_72_2021-01-17.jpg,1000,1000,430,554,538,674,illegal
-71_31__-3_72_2021-01-17.jpg,1000,1000,535,607,599,655,illegal
-71_31__-3_72_2021-01-17.jpg,1000,1000,621,559,711,737,illegal
-71_31__-3_72_2021-01-17.jpg,1000,1000,715,768,824,854,illegal
-71_31__-3_72_2021-01-17.jpg,1000,1000,820,829,871,889,illegal
-71_31__-3_72_2021-01-17.jpg,1000,1000,567,780,625,928,illegal
-71_35__-3_64_2021-01-17.jpg,1000,1000,226,314,404,371,illegal
-71_35__-3_64_2021-01-17.jpg,1000,1000,576,362,711,423,illegal
-71_35__-3_64_2021-01-17.jpg,1000,1000,489,412,713,586,illegal
-71_35__-3_64_2021-01-17.jpg,1000,1000,465,946,524,993,illegal
-71_35__-3_64_2021-01-17.jpg,1000,1000,615,959,668,985,illegal
-71_35__-3_64_2021-01-17.jpg,1000,1000,722,929,864,1000,illegal
-71_35__-3_68_2021-01-17.jpg,1000,1000,6,565,49,598,illegal
-71_35__-3_68_2021-01-17.jpg,1000,1000,191,403,264,511,illegal
-71_35__-3_68_2021-01-17.jpg,1000,1000,211,161,393,368,illegal
-71_35__-3_68_2021-01-17.jpg,1000,1000,548,305,631,484,illegal
-71_35__-3_68_2021-01-17.jpg,1000,1000,616,210,684,276,illegal
-71_35__-3_68_2021-01-17.jpg,1000,1000,410,463,526,670,illegal
-71_35__-3_68_2021-01-17.jpg,1000,1000,400,671,610,879,illegal
-71_35__-3_68_2021-01-17.jpg,1000,1000,646,542,797,715,illegal
-71_35__-3_6_2021-01-17.jpg,1000,1000,460,670,608,889,illegal
-71_35__-3_72_2021-01-17.jpg,1000,1000,413,64,478,111,illegal
-71_35__-3_72_2021-01-17.jpg,1000,1000,392,108,605,394,illegal
-71_35__-3_72_2021-01-17.jpg,1000,1000,646,150,693,195,illegal
-71_35__-3_72_2021-01-17.jpg,1000,1000,598,257,658,289,illegal
-71_35__-3_72_2021-01-17.jpg,1000,1000,834,331,953,544,illegal
-71_35__-3_72_2021-01-17.jpg,1000,1000,681,578,787,649,illegal
-71_35__-3_72_2021-01-17.jpg,1000,1000,1,598,268,877,illegal
-71_39__-3_68_2021-01-17.jpg,1000,1000,148,88,205,236,illegal
-71_39__-3_68_2021-01-17.jpg,1000,1000,249,102,333,152,illegal
-71_39__-3_68_2021-01-17.jpg,1000,1000,410,250,665,410,illegal
-71_39__-3_68_2021-01-17.jpg,1000,1000,926,449,1000,591,illegal
-71_39__-3_68_2021-01-17.jpg,1000,1000,234,380,306,482,illegal
-71_39__-3_68_2021-01-17.jpg,1000,1000,25,262,216,396,illegal
-71_39__-3_68_2021-01-17.jpg,1000,1000,790,266,901,341,illegal
-71_39__-3_6_2021-01-17.jpg,1000,1000,745,778,857,792,illegal
-71_48__-3_52_2021-01-17.jpg,1000,1000,17,738,326,1000,illegal
-71_48__-3_52_2021-01-17.jpg,1000,1000,415,824,625,1000,illegal
-71_48__-3_52_2021-01-17.jpg,1000,1000,658,692,784,765,illegal
-71_48__-3_52_2021-01-17.jpg,1000,1000,662,510,718,542,illegal
-71_48__-3_52_2021-01-17.jpg,1000,1000,546,576,661,702,illegal
-71_48__-3_52_2021-01-17.jpg,1000,1000,399,517,597,629,illegal
-71_48__-3_52_2021-01-17.jpg,1000,1000,75,629,160,719,illegal
-71_48__-3_56_2021-01-17.jpg,1000,1000,231,262,268,324,illegal
-71_48__-3_56_2021-01-17.jpg,1000,1000,64,363,374,646,illegal
-71_48__-3_56_2021-01-17.jpg,1000,1000,473,8,605,126,illegal
-71_48__-3_56_2021-01-17.jpg,1000,1000,365,186,400,243,illegal
-71_48__-3_56_2021-01-17.jpg,1000,1000,377,99,446,180,illegal
-71_48__-3_56_2021-01-17.jpg,1000,1000,242,1,453,263,illegal
-71_48__-3_56_2021-01-17.jpg,1000,1000,1,1,217,360,illegal
-71_48__-3_6_2021-01-17.jpg,1000,1000,644,529,723,618,illegal
-71_48__-3_6_2021-01-17.jpg,1000,1000,470,133,718,475,illegal
-71_48__-3_6_2021-01-17.jpg,1000,1000,527,7,623,116,illegal
-71_52__-3_52_2021-01-17.jpg,1000,1000,104,19,209,452,illegal
-71_52__-3_52_2021-01-17.jpg,1000,1000,265,255,304,284,illegal
-71_52__-3_52_2021-01-17.jpg,1000,1000,236,340,329,418,illegal
-71_52__-3_52_2021-01-17.jpg,1000,1000,233,484,328,542,illegal
-71_52__-3_56_2021-01-17.jpg,1000,1000,726,92,881,219,illegal
-71_52__-3_56_2021-01-17.jpg,1000,1000,892,166,1000,434,illegal
-71_52__-3_56_2021-01-17.jpg,1000,1000,212,166,602,251,illegal
-71_56__-3_48_2021-01-17.jpg,1000,1000,322,594,538,814,illegal
-71_56__-3_48_2021-01-17.jpg,1000,1000,595,928,685,1000,illegal
-71_56__-3_48_2021-01-17.jpg,1000,1000,694,108,786,161,illegal
-71_56__-3_48_2021-01-17.jpg,1000,1000,469,906,542,953,illegal
-71_56__-3_48_2021-01-17.jpg,1000,1000,258,527,292,557,illegal
-71_56__-3_48_2021-01-17.jpg,1000,1000,87,578,137,610,illegal
-71_56__-3_48_2021-01-17.jpg,1000,1000,121,521,196,571,illegal
-71_56__-3_48_2021-01-17.jpg,1000,1000,28,224,252,530,illegal
-71_56__-3_52_2021-01-17.jpg,1000,1000,657,1,879,194,illegal
-71_56__-3_52_2021-01-17.jpg,1000,1000,887,735,919,814,illegal
-71_56__-3_56_2021-01-17.jpg,1000,1000,799,886,836,925,illegal
-71_56__-3_6_2021-01-17.jpg,1000,1000,434,368,452,402,illegal
-71_56__-3_6_2021-01-17.jpg,1000,1000,550,376,586,412,illegal
-71_56__-3_6_2021-01-17.jpg,1000,1000,683,774,711,815,illegal
-71_64__-3_44_2021-01-17.jpg,1000,1000,299,813,489,1000,illegal
-71_64__-3_48_2021-01-17.jpg,1000,1000,278,80,352,164,illegal
-71_64__-3_48_2021-01-17.jpg,1000,1000,321,1,351,28,illegal
-71_64__-3_48_2021-01-17.jpg,1000,1000,361,45,585,289,illegal
-71_64__-3_48_2021-01-17.jpg,1000,1000,816,248,980,290,illegal
-71_64__-3_48_2021-01-17.jpg,1000,1000,1,543,292,624,illegal
-71_64__-3_48_2021-01-17.jpg,1000,1000,421,582,749,667,illegal
-71_64__-3_48_2021-01-17.jpg,1000,1000,551,652,607,693,illegal
-71_64__-3_52_2021-01-17.jpg,1000,1000,544,1,588,68,illegal
-71_68__-3_44_2021-01-17.jpg,1000,1000,222,53,469,349,illegal
-71_68__-3_44_2021-01-17.jpg,1000,1000,87,334,399,677,illegal
-71_68__-3_44_2021-01-17.jpg,1000,1000,668,48,897,231,illegal
-71_68__-3_44_2021-01-17.jpg,1000,1000,495,561,994,993,illegal
-71_68__-3_44_2021-01-17.jpg,1000,1000,829,424,894,492,illegal
-71_68__-3_44_2021-01-17.jpg,1000,1000,788,505,821,530,illegal
-71_68__-3_48_2021-01-17.jpg,1000,1000,550,720,581,815,illegal
-71_68__-3_52_2021-01-17.jpg,1000,1000,119,584,194,677,illegal
-71_68__-3_52_2021-01-17.jpg,1000,1000,181,712,257,762,illegal
-71_68__-3_52_2021-01-17.jpg,1000,1000,286,675,341,707,illegal
-71_68__-3_52_2021-01-17.jpg,1000,1000,241,787,394,894,illegal
-71_68__-3_52_2021-01-17.jpg,1000,1000,1,336,36,392,illegal
-71_68__-3_52_2021-01-17.jpg,1000,1000,15,605,157,901,illegal
-71_68__-3_56_2021-01-17.jpg,1000,1000,322,381,350,598,illegal
-71_68__-3_56_2021-01-17.jpg,1000,1000,265,216,341,239,illegal
-71_68__-3_56_2021-01-17.jpg,1000,1000,323,235,347,388,illegal
-71_68__-3_6_2021-01-17.jpg,1000,1000,239,79,276,126,illegal
-71_68__-3_6_2021-01-17.jpg,1000,1000,155,163,248,323,illegal
-71_68__-3_6_2021-01-17.jpg,1000,1000,105,100,155,274,illegal
-71_6__-3_44_2021-01-17.jpg,1000,1000,593,752,803,911,illegal
-71_6__-3_44_2021-01-17.jpg,1000,1000,893,745,934,815,illegal
-71_6__-3_44_2021-01-17.jpg,1000,1000,739,878,861,1000,illegal
-71_6__-3_48_2021-01-17.jpg,1000,1000,729,1,879,59,illegal
-71_6__-3_48_2021-01-17.jpg,1000,1000,665,167,988,431,illegal
-71_6__-3_48_2021-01-17.jpg,1000,1000,801,493,839,570,illegal
-71_6__-3_6_2021-01-17.jpg,1000,1000,130,98,185,140,illegal
-71_6__-3_6_2021-01-17.jpg,1000,1000,1,182,204,379,illegal
-73_74__-3_91_2019-09-03.jpg,1000,1000,9,514,150,729,illegal
-73_74__-3_91_2019-09-03.jpg,1000,1000,524,54,587,106,illegal
-73_74__-3_91_2019-09-03.jpg,1000,1000,920,270,1000,648,illegal
-73_74__-3_91_2019-09-03.jpg,1000,1000,849,324,884,367,illegal
-73_74__-3_91_2019-09-03.jpg,1000,1000,751,403,858,476,illegal
-73_74__-3_91_2019-09-03.jpg,1000,1000,635,461,906,567,illegal
-73_74__-3_91_2019-09-03.jpg,1000,1000,461,427,647,545,illegal
-73_74__-3_91_2019-09-03.jpg,1000,1000,442,288,487,326,illegal
-73_74__-3_91_2019-09-03.jpg,1000,1000,649,143,681,168,illegal
-73_74__-3_91_2019-09-03.jpg,1000,1000,708,207,733,237,illegal
-73_74__-3_91_2019-09-03.jpg,1000,1000,754,275,793,310,illegal
-73_74__-3_91_2019-09-03.jpg,1000,1000,813,87,859,196,illegal
-73_74__-3_91_2019-09-03.jpg,1000,1000,906,1,930,17,illegal
-73_74__-3_91_2019-09-03.jpg,1000,1000,151,437,414,618,illegal
-73_74__-3_91_2019-09-03.jpg,1000,1000,144,768,176,793,illegal
-73_74__-3_91_2019-09-03.jpg,1000,1000,131,887,172,968,illegal
-73_74__-3_91_2019-09-03.jpg,1000,1000,285,693,338,775,illegal
-73_74__-3_91_2019-09-03.jpg,1000,1000,288,861,320,912,illegal
-73_74__-3_91_2019-09-03.jpg,1000,1000,457,556,501,626,illegal
-73_74__-3_91_2019-09-03.jpg,1000,1000,350,763,449,805,illegal
-73_74__-3_91_2019-09-03.jpg,1000,1000,352,694,407,723,illegal
-73_74__-3_91_2019-09-03.jpg,1000,1000,945,698,1000,780,illegal
-73_78__-3_91_2019-09-03.jpg,1000,1000,845,442,1000,710,illegal
-73_78__-3_91_2019-09-03.jpg,1000,1000,730,670,830,727,illegal
-73_78__-3_91_2019-09-03.jpg,1000,1000,1,264,401,881,illegal
-73_78__-3_91_2019-09-03.jpg,1000,1000,126,206,219,293,illegal
-73_78__-3_91_2019-09-03.jpg,1000,1000,422,854,501,939,illegal
-73_78__-3_91_2019-09-03.jpg,1000,1000,75,866,127,918,illegal
-73_78__-3_91_2019-09-03.jpg,1000,1000,1,691,187,801,illegal
-73_78__-3_91_2019-09-03.jpg,1000,1000,416,541,608,866,illegal
-73_82__-3_91_2019-09-03.jpg,1000,1000,66,383,403,846,illegal
-73_82__-3_91_2019-09-03.jpg,1000,1000,444,228,1000,870,illegal
-73_82__-3_91_2019-09-03.jpg,1000,1000,331,640,494,791,illegal
-73_82__-3_91_2019-09-03.jpg,1000,1000,881,838,942,951,illegal
