-53_82__0_32_2019-09-24.jpg,1,423,190,594,illegal
-53_23__-0_19_2018-10-14.jpg,261,206,450,314,illegal
-52_35__0_66_2019-09-24.jpg,154,353,222,425,illegal
-53_03__0_01_2018-10-14.jpg,276,3,378,35,illegal
-70_94__-3_43_2021-01-17.jpg,185,624,343,837,illegal
-52_99__-0_07_2018-10-14.jpg,529,685,556,724,illegal
-53_03__0_05_2018-10-14.jpg,60,626,123,749,illegal
-52_23__0_66_2019-09-24.jpg,322,388,1000,885,illegal
-71_0__-3_77_2021-01-17.jpg,505,769,541,793,illegal
-63_27__3_66_2019-09-21.jpg,43,606,93,657,illegal
-63_36__-9_92_2018-07-25.jpg,777,303,817,354,legal
-63_31__3_62_2019-09-21.jpg,538,110,660,257,illegal
-53_84__0_35_2019-09-24.jpg,194,570,398,678,illegal
-63_36__-10_04_2018-07-25.jpg,1,407,264,1000,legal
-53_03__-0_27_2018-10-14.jpg,1,828,79,853,illegal
-53_03__-0_23_2018-10-14.jpg,887,394,982,552,illegal
-52_35__0_58_2019-09-24.jpg,383,568,465,613,illegal
-53_19__-0_27_2018-10-14.jpg,576,491,667,536,illegal
-63_71__2_485_2018-03-15.jpg,769,831,860,903,illegal
-63_4__-10_08_2018-07-25.jpg,722,1,784,33,legal
-63_52__-9_92_2018-07-25.jpg,599,283,625,313,legal
-63_19__3_62_2019-09-21.jpg,522,463,583,564,illegal
-63_64__3_74_2019-02-26.jpg,253,851,593,1000,illegal
-71_02__-3_55_2021-01-17.jpg,586,337,615,355,illegal
-53_23__-0_11_2018-10-14.jpg,152,494,208,672,illegal
-71_35__-3_64_2021-01-17.jpg,465,946,524,993,illegal
-63_675__3_75_2020-03-04.jpg,409,421,473,442,illegal
-53_23__-0_11_2018-10-14.jpg,1,871,66,926,illegal
-63_6__-10_08_2018-07-25.jpg,194,635,205,664,legal
-53_23__-0_11_2018-10-14.jpg,314,219,347,245,illegal
-53_03__-0_19_2018-10-14.jpg,118,879,189,984,illegal
-71_12__-3_81_2021-01-17.jpg,141,1,313,105,illegal
-63_31__3_54_2019-09-21.jpg,231,1,335,115,illegal
-63_4__-10_04_2018-07-25.jpg,965,950,1000,1000,legal
-52_19__0_66_2019-09-24.jpg,74,727,217,808,illegal
-71_2__-3_77_2021-01-17.jpg,65,15,292,232,illegal
-70_88__-3_81_2021-01-17.jpg,630,505,690,633,illegal
-63_44__-10_08_2018-07-25.jpg,641,667,1000,851,legal
-63_48__-9_88_2018-07-25.jpg,1,357,15,375,legal
-52_23__0_58_2019-09-24.jpg,67,907,119,954,illegal
-71_68__-3_44_2021-01-17.jpg,87,334,399,677,illegal
-53_31__-0_15_2018-10-14.jpg,551,313,753,451,illegal
-60_86__-3_02_2020-07-29.jpg,886,256,1000,446,illegal
-53_31__-0_15_2018-10-14.jpg,41,193,211,289,illegal
-59_16__2_19_2020-09-12.jpg,98,4,133,32,legal
-53_74__0_44_2019-09-24.jpg,704,575,807,670,illegal
-63_44__-10_08_2018-07-25.jpg,899,440,976,540,legal
-63_4__-10_08_2018-07-25.jpg,716,236,785,352,legal
-53_74__0_48_2019-09-24.jpg,8,477,103,530,illegal
-63_6__-10_0_2018-07-25.jpg,829,11,849,52,legal
-63_31__3_57_2019-03-15.jpg,602,331,658,403,illegal
-63_4__-10_08_2018-07-25.jpg,8,33,137,103,legal
-63_44__-10_04_2018-07-25.jpg,583,885,700,1000,legal
-63_4__-10_04_2018-07-25.jpg,952,54,964,66,legal
-63_36__-9_96_2018-07-25.jpg,234,890,259,921,legal
-52_19__0_66_2019-09-24.jpg,12,809,74,897,illegal
-53_07__-0_15_2018-10-14.jpg,152,138,198,161,illegal
-53_18__-0_09_2019-09-24.jpg,416,1,612,71,illegal
-63_67__2_485_2018-03-15.jpg,687,121,742,163,illegal
-71_31__-3_72_2021-01-17.jpg,754,240,855,290,illegal
-53_86__0_56_2019-09-24.jpg,450,425,525,502,illegal
-53_74__0_48_2019-09-24.jpg,200,504,259,622,illegal
-53_19__-0_07_2018-10-14.jpg,659,260,1000,574,illegal
-56_2__-2_5_2020-09-06.jpg,785,290,1000,600,legal
-63_52__-9_92_2018-07-25.jpg,553,885,648,975,legal
-53_26__-0_05_2019-09-24.jpg,1,495,176,621,illegal
-63_4__-9_96_2018-07-25.jpg,932,63,1000,199,legal
-63_6__-10_08_2018-07-25.jpg,600,864,626,890,legal
-52_27__0_66_2019-09-24.jpg,816,554,874,642,illegal
-52_95__-0_23_2018-10-14.jpg,215,227,259,264,illegal
-52_19__0_62_2019-09-24.jpg,487,680,582,763,illegal
-63_4__-10_0_2018-07-25.jpg,641,988,663,1000,legal
-71_56__-3_48_2021-01-17.jpg,694,108,786,161,illegal
-73_78__-3_91_2019-09-03.jpg,422,854,501,939,illegal
-53_03__-0_19_2018-10-14.jpg,263,408,354,469,illegal
-63_36__-9_96_2018-07-25.jpg,1,192,163,261,legal
-63_48__-9_96_2018-07-25.jpg,621,636,1000,1000,legal
-53_03__-0_31_2018-10-14.jpg,868,22,985,346,illegal
-73_74__-3_91_2019-09-03.jpg,906,1,930,17,illegal
-59_2__2_23_2020-09-12.jpg,804,894,822,950,legal
-63_675__3_705_2020-09-13.jpg,518,459,616,507,illegal
-63_36__-10_0_2018-07-25.jpg,548,832,594,863,legal
-53_38__-0_05_2019-09-24.jpg,1,199,75,258,illegal
-63_68__3_74_2019-02-26.jpg,688,290,776,374,illegal
-53_7__0_52_2019-09-24.jpg,769,293,914,376,illegal
-63_44__-10_04_2018-07-25.jpg,701,1,827,19,legal
-53_78__0_48_2019-09-24.jpg,611,470,752,601,illegal
-53_27__-0_07_2018-10-14.jpg,407,347,447,380,illegal
-53_78__0_28_2019-09-24.jpg,498,21,714,194,illegal
-63_31__3_54_2019-09-21.jpg,186,93,211,115,illegal
-71_68__-3_6_2021-01-17.jpg,105,100,155,274,illegal
-70_86__-3_51_2021-01-17.jpg,1,1,74,73,illegal
-73_78__-3_91_2019-09-03.jpg,416,541,608,866,illegal
-53_82__0_32_2019-09-24.jpg,111,8,240,92,illegal
-71_31__-3_72_2021-01-17.jpg,1,345,330,774,illegal
-60_82__-3_02_2020-07-29.jpg,4,219,302,526,illegal
-63_48__-9_96_2018-07-25.jpg,184,864,494,1000,legal
-59_2__2_19_2020-09-12.jpg,297,802,434,1000,legal
-63_44__-10_08_2018-07-25.jpg,789,447,839,578,legal
-63_4__-10_0_2018-07-25.jpg,935,786,984,840,legal
-63_31__3_57_2020-09-20.jpg,341,285,555,464,illegal
-73_74__-3_91_2019-09-03.jpg,461,427,647,545,illegal
-53_9__0_56_2019-09-24.jpg,1,763,69,871,illegal
-70_94__-3_51_2021-01-17.jpg,391,502,564,762,illegal
-63_71__2_485_2018-03-15.jpg,139,358,266,418,illegal
-63_52__-9_88_2018-07-25.jpg,660,61,702,165,legal
-52_99__-0_23_2018-10-14.jpg,507,289,616,421,illegal
-53_42__-0_05_2019-09-24.jpg,112,602,224,740,illegal
-53_78__0_44_2019-09-24.jpg,838,604,1000,828,illegal
-63_6__-10_08_2018-07-25.jpg,669,941,687,989,legal
-63_31__3_57_2019-03-15.jpg,819,1,862,68,illegal
-63_96__2_5_2020-09-18.jpg,587,943,721,1000,illegal
-52_99__-0_31_2018-10-14.jpg,1,877,101,991,illegal
-53_07__-0_27_2018-10-14.jpg,706,758,776,869,illegal
-63_675__3_705_2020-09-13.jpg,922,4,1000,63,illegal
-60_82__-3_02_2020-07-29.jpg,3,906,134,1000,illegal
-63_19__3_54_2019-09-21.jpg,544,756,688,955,illegal
-53_18__-0_09_2019-09-24.jpg,852,208,997,453,illegal
-52_99__-0_23_2018-10-14.jpg,797,893,869,932,illegal
-63_48__-10_04_2018-07-25.jpg,1,502,38,525,legal
-71_68__-3_44_2021-01-17.jpg,829,424,894,492,illegal
-71_0__-3_77_2021-01-17.jpg,607,831,662,853,illegal
-53_23__-0_19_2018-10-14.jpg,824,895,859,1000,illegal
-63_36__-10_04_2018-07-25.jpg,19,3,263,263,legal
-63_675__3_705_2020-09-13.jpg,19,676,85,713,illegal
-53_7__0_4_2019-09-24.jpg,119,447,176,509,illegal
-53_19__-0_03_2018-10-14.jpg,596,478,785,729,illegal
-70_86__-3_47_2021-01-17.jpg,267,180,390,362,illegal
-53_74__0_48_2019-09-24.jpg,694,1,824,102,illegal
-53_7__0_48_2019-09-24.jpg,391,83,543,511,illegal
-63_48__-9_96_2018-07-25.jpg,134,285,179,317,legal
-71_02__-3_51_2021-01-17.jpg,4,800,146,866,illegal
-53_9__0_56_2019-09-24.jpg,61,242,125,292,illegal
-63_6__-10_08_2018-07-25.jpg,177,574,216,594,legal
-53_26__-0_05_2019-09-24.jpg,775,878,853,964,illegal
-63_4__-10_0_2018-07-25.jpg,483,715,731,881,legal
-64_0__2_5_2020-09-18.jpg,479,702,506,727,illegal
-63_48__-10_04_2018-07-25.jpg,767,192,1000,331,legal
-63_635__3_705_2020-12-04.jpg,384,180,439,203,illegal
-53_27__-0_07_2018-10-14.jpg,134,341,253,446,illegal
-70_98__-3_55_2021-01-17.jpg,321,566,421,636,illegal
-63_92__2_5_2020-09-18.jpg,1,447,105,559,illegal
-71_35__-3_72_2021-01-17.jpg,1,598,268,877,illegal
-53_78__0_28_2019-09-24.jpg,310,314,398,420,illegal
-53_23__-0_19_2018-10-14.jpg,153,1,282,180,illegal
-53_03__-0_31_2018-10-14.jpg,532,123,677,277,illegal
-56_24__-2_54_2020-09-06.jpg,46,1,486,825,legal
-52_19__0_62_2019-09-24.jpg,242,573,304,631,illegal
-53_27__-0_11_2018-10-14.jpg,942,278,1000,333,illegal
-53_9__0_44_2019-09-24.jpg,797,368,985,505,illegal
-53_7__0_52_2019-09-24.jpg,408,739,664,822,illegal
-71_31__-3_6_2021-01-17.jpg,144,899,368,1000,illegal
-63_52__-10_08_2018-07-25.jpg,5,639,59,654,legal
-71_48__-3_6_2021-01-17.jpg,527,7,623,116,illegal
-53_38__-0_13_2019-09-24.jpg,886,639,952,716,illegal
-63_6__-10_0_2018-07-25.jpg,392,279,418,296,legal
-70_9__-3_51_2021-01-17.jpg,97,912,147,948,illegal
-63_56__-10_0_2018-07-25.jpg,69,677,122,703,legal
-52_23__0_58_2019-09-24.jpg,21,878,47,896,illegal
-63_635__3_705_2020-09-13.jpg,780,158,935,236,illegal
-53_23__-0_27_2018-10-14.jpg,424,369,441,390,illegal
-71_48__-3_6_2021-01-17.jpg,644,529,723,618,illegal
-63_19__3_54_2019-09-21.jpg,497,2,551,44,illegal
-71_39__-3_68_2021-01-17.jpg,410,250,665,410,illegal
-53_15__-0_11_2018-10-14.jpg,821,146,862,221,illegal
-56_16__-2_58_2020-09-06.jpg,1,1,23,18,legal
-63_64__3_74_2019-02-26.jpg,206,854,240,912,illegal
-71_52__-3_52_2021-01-17.jpg,233,484,328,542,illegal
-73_74__-3_91_2019-09-03.jpg,920,270,1000,648,illegal
-63_4__-10_04_2018-07-25.jpg,288,377,328,417,legal
-63_48__-10_08_2018-07-25.jpg,422,642,488,671,legal
-63_675__3_705_2020-12-04.jpg,863,98,1000,205,illegal
-63_36__-10_08_2018-07-25.jpg,750,565,770,605,legal
-63_44__-10_04_2018-07-25.jpg,437,20,460,56,legal
-63_31__3_57_2018-03-15.jpg,436,153,500,196,illegal
-53_42__-0_13_2019-09-24.jpg,651,854,702,970,illegal
-63_31__3_62_2019-09-21.jpg,621,907,709,1000,illegal
-63_36__-10_04_2018-07-25.jpg,443,278,693,366,legal
-52_23__0_66_2019-09-24.jpg,661,881,747,964,illegal
-53_84__0_35_2019-09-24.jpg,624,761,742,838,illegal
-53_9__0_28_2019-09-24.jpg,422,532,542,743,illegal
-70_9__-3_51_2021-01-17.jpg,940,1,1000,244,illegal
-63_31__3_62_2019-09-21.jpg,528,1,588,85,illegal
-70_98__-3_55_2021-01-17.jpg,124,776,179,857,illegal
-63_64__3_7_2019-02-26.jpg,489,1,618,23,illegal
-53_31__-0_03_2018-10-14.jpg,449,825,604,875,illegal
-60_82__-3_02_2020-07-29.jpg,103,869,321,972,illegal
-63_27__3_57_2018-03-15.jpg,287,173,330,226,illegal
-63_6__-10_08_2018-07-25.jpg,745,451,759,467,legal
-53_19__-0_19_2018-10-14.jpg,381,909,434,968,illegal
-63_675__3_75_2020-03-04.jpg,302,292,323,324,illegal
-63_675__3_705_2020-03-04.jpg,243,540,553,671,illegal
-52_19__0_62_2019-09-24.jpg,161,652,189,683,illegal
-64_0__2_5_2020-09-18.jpg,74,542,129,648,illegal
-53_03__-0_31_2018-10-14.jpg,865,901,1000,985,illegal
-53_18__-0_09_2019-09-24.jpg,877,640,917,688,illegal
-53_3__-0_05_2019-09-24.jpg,746,458,771,569,illegal
-63_56__-9_88_2018-07-25.jpg,248,125,299,199,legal
-53_78__0_44_2019-09-24.jpg,727,702,805,805,illegal
-53_03__-0_19_2018-10-14.jpg,108,651,168,766,illegal
-70_9__-3_43_2021-01-17.jpg,296,28,336,95,illegal
-71_48__-3_56_2021-01-17.jpg,365,186,400,243,illegal
-71_31__-3_72_2021-01-17.jpg,535,607,599,655,illegal
-63_92__2_5_2020-09-18.jpg,402,423,444,459,illegal
-56_24__-2_5_2020-09-06.jpg,754,549,1000,1000,legal
-63_31__3_58_2019-09-21.jpg,533,57,830,208,illegal
-53_74__0_28_2019-09-24.jpg,613,439,767,508,illegal
-63_56__-9_88_2018-07-25.jpg,554,128,608,341,legal
-63_59__3_705_2020-12-04.jpg,389,730,408,762,illegal
-70_9__-3_51_2021-01-17.jpg,268,884,354,935,illegal
-63_4__-9_92_2018-07-25.jpg,525,216,643,241,legal
-63_56__-9_92_2018-07-25.jpg,244,254,315,344,legal
-63_31__3_57_2018-03-15.jpg,499,335,585,397,illegal
-71_12__-3_77_2021-01-17.jpg,467,911,520,1000,illegal
-63_6__-9_92_2018-07-25.jpg,211,430,229,446,legal
-52_23__0_66_2019-09-24.jpg,107,527,198,624,illegal
-63_675__3_705_2020-12-04.jpg,241,544,553,666,illegal
-60_86__-2_98_2020-07-29.jpg,561,157,868,1000,illegal
-52_19__0_62_2019-09-24.jpg,536,24,573,59,illegal
-63_44__-10_04_2018-07-25.jpg,1,135,67,157,legal
-63_4__-9_92_2018-07-25.jpg,375,505,388,532,legal
-63_4__-10_0_2018-07-25.jpg,478,217,518,369,legal
-53_82__0_48_2019-09-24.jpg,1,735,760,1000,illegal
-53_7__0_48_2019-09-24.jpg,267,531,437,648,illegal
-60_86__-3_02_2020-07-29.jpg,614,200,753,384,illegal
-52_19__0_58_2019-09-24.jpg,349,294,383,330,illegal
-63_59__3_705_2020-03-04.jpg,453,603,556,831,illegal
-53_86__0_36_2019-09-24.jpg,819,897,986,996,illegal
-63_56__-10_08_2018-07-25.jpg,787,137,802,167,legal
-63_635__3_705_2020-12-04.jpg,769,119,817,135,illegal
-52_23__0_62_2019-09-24.jpg,844,510,871,572,illegal
-53_74__0_48_2019-09-24.jpg,839,845,974,909,illegal
-63_675__3_705_2020-03-04.jpg,51,713,133,768,illegal
-53_9__0_56_2019-09-24.jpg,352,370,375,402,illegal
-63_96__2_5_2020-09-18.jpg,647,496,671,517,illegal
-63_52__-9_92_2018-07-25.jpg,969,253,1000,289,legal
-63_6__-9_88_2018-07-25.jpg,424,386,504,433,legal
-63_59__3_705_2020-12-04.jpg,470,764,510,821,illegal
-73_78__-3_91_2019-09-03.jpg,75,866,127,918,illegal
-63_59__3_705_2020-12-04.jpg,566,574,596,624,illegal
-71_52__-3_52_2021-01-17.jpg,104,19,209,452,illegal
-71_35__-3_6_2021-01-17.jpg,460,670,608,889,illegal
-53_38__-0_17_2019-09-24.jpg,48,885,121,1000,illegal
-63_6__-10_0_2018-07-25.jpg,666,8,732,60,legal
-71_39__-3_68_2021-01-17.jpg,25,262,216,396,illegal
-53_7__0_52_2019-09-24.jpg,668,745,887,901,illegal
-53_26__-0_05_2019-09-24.jpg,142,849,197,881,illegal
-53_82__0_28_2019-09-24.jpg,830,7,925,58,illegal
-52_27__0_58_2019-09-24.jpg,710,475,789,555,illegal
-63_68__3_7_2019-02-26.jpg,655,5,844,125,illegal
-63_4__-9_92_2018-07-25.jpg,277,809,292,836,legal
-52_99__-0_07_2018-10-14.jpg,224,874,256,922,illegal
-53_23__0_01_2018-10-14.jpg,573,857,718,985,illegal
-53_3__-0_05_2019-09-24.jpg,353,303,446,498,illegal
-63_64__3_74_2019-02-26.jpg,58,819,193,946,illegal
-53_31__-0_15_2018-10-14.jpg,7,69,62,124,illegal
-53_23__-0_03_2018-10-14.jpg,848,199,979,285,illegal
-53_23__-0_23_2018-10-14.jpg,514,172,606,223,illegal
-63_36__-9_92_2018-07-25.jpg,1,264,41,338,legal
-63_52__-9_88_2018-07-25.jpg,171,751,192,777,legal
-63_59__3_75_2020-09-13.jpg,966,619,996,639,illegal
-63_6__3_7_2019-02-26.jpg,322,80,439,170,illegal
-64_0__2_5_2020-09-18.jpg,7,889,167,959,illegal
-53_15__-0_19_2018-10-14.jpg,860,538,940,614,illegal
-63_96__2_5_2020-09-18.jpg,130,884,268,1000,illegal
-63_56__-9_96_2018-07-25.jpg,313,524,329,560,legal
-63_36__-10_08_2018-07-25.jpg,548,713,801,890,legal
-63_96__2_5_2020-09-18.jpg,417,1,493,63,illegal
-63_44__-10_0_2018-07-25.jpg,506,133,615,249,legal
-63_23__3_66_2019-09-21.jpg,299,364,340,389,illegal
-63_6__-9_96_2018-07-25.jpg,746,921,808,1000,legal
-63_4__-10_0_2018-07-25.jpg,701,384,766,409,legal
-63_4__-10_04_2018-07-25.jpg,268,441,289,458,legal
-73_82__-3_91_2019-09-03.jpg,331,640,494,791,illegal
-63_96__2_5_2020-09-18.jpg,817,111,989,336,illegal
-71_35__-3_72_2021-01-17.jpg,598,257,658,289,illegal
-53_19__-0_23_2018-10-14.jpg,274,142,326,200,illegal
-71_68__-3_52_2021-01-17.jpg,286,675,341,707,illegal
-52_95__-0_31_2018-10-14.jpg,829,845,928,921,illegal
-63_56__-10_08_2018-07-25.jpg,715,88,757,119,legal
-63_36__-9_88_2018-07-25.jpg,503,527,704,674,legal
-63_6__-10_0_2018-07-25.jpg,167,847,224,914,legal
-71_02__-3_51_2021-01-17.jpg,285,656,362,769,illegal
-63_44__-9_92_2018-07-25.jpg,945,360,1000,424,legal
-63_44__-9_88_2018-07-25.jpg,117,342,438,504,legal
-71_48__-3_56_2021-01-17.jpg,377,99,446,180,illegal
-63_92__2_5_2020-09-18.jpg,1,560,202,735,illegal
-63_56__-9_92_2018-07-25.jpg,705,469,782,697,legal
-63_56__-9_88_2018-07-25.jpg,614,26,630,58,legal
-53_23__-0_19_2018-10-14.jpg,909,775,1000,838,illegal
-63_56__-10_08_2018-07-25.jpg,869,1,945,75,legal
-63_67__2_485_2018-03-15.jpg,207,120,386,248,illegal
-63_36__-9_92_2018-07-25.jpg,637,498,662,555,legal
-71_39__-3_6_2021-01-17.jpg,745,778,857,792,illegal
-63_36__-10_04_2018-07-25.jpg,867,475,875,487,legal
-52_95__0_05_2018-10-14.jpg,31,764,113,827,illegal
-53_74__0_52_2019-09-24.jpg,484,247,740,414,illegal
-71_6__-3_44_2021-01-17.jpg,739,878,861,1000,illegal
-71_12__-3_77_2021-01-17.jpg,272,777,447,911,illegal
-63_92__2_5_2020-09-18.jpg,456,478,628,706,illegal
-73_74__-3_91_2019-09-03.jpg,649,143,681,168,illegal
-63_36__-10_0_2018-07-25.jpg,49,975,71,1000,legal
-63_36__-9_96_2018-07-25.jpg,224,708,266,729,legal
-71_35__-3_68_2021-01-17.jpg,410,463,526,670,illegal
-53_86__0_32_2019-09-24.jpg,541,106,818,442,illegal
-53_78__0_28_2019-09-24.jpg,739,419,828,524,illegal
-63_52__-10_0_2018-07-25.jpg,1,910,162,1000,legal
-63_44__-10_04_2018-07-25.jpg,905,146,931,177,legal
-63_4__-10_08_2018-07-25.jpg,1,770,18,794,legal
-63_19__3_66_2019-09-21.jpg,116,909,197,1000,illegal
-52_95__-0_23_2018-10-14.jpg,262,285,371,321,illegal
-52_99__-0_19_2018-10-14.jpg,819,256,897,291,illegal
-73_74__-3_91_2019-09-03.jpg,849,324,884,367,illegal
-63_48__-9_92_2018-07-25.jpg,46,497,56,512,legal
-71_68__-3_44_2021-01-17.jpg,495,561,994,993,illegal
-73_78__-3_91_2019-09-03.jpg,1,264,401,881,illegal
-63_48__-9_96_2018-07-25.jpg,326,642,467,733,legal
-53_07__-0_31_2018-10-14.jpg,37,280,115,448,illegal
-53_7__0_52_2019-09-24.jpg,354,13,413,97,illegal
-53_7__0_52_2019-09-24.jpg,1,763,384,872,illegal
-63_68__3_7_2019-02-26.jpg,578,355,698,403,illegal
-53_19__-0_15_2018-10-14.jpg,182,800,273,859,illegal
-63_44__-10_04_2018-07-25.jpg,285,853,594,1000,legal
-63_92__2_5_2020-09-18.jpg,758,309,828,403,illegal
-53_9__0_56_2019-09-24.jpg,936,784,961,846,illegal
-52_27__0_66_2019-09-24.jpg,944,261,1000,323,illegal
-63_56__-9_88_2018-07-25.jpg,746,162,824,193,legal
-53_18__-0_09_2019-09-24.jpg,601,148,660,278,illegal
-63_6__-10_0_2018-07-25.jpg,778,739,815,784,legal
-63_44__-10_08_2018-07-25.jpg,264,632,656,846,legal
-71_02__-3_51_2021-01-17.jpg,9,512,107,619,illegal
-63_6__-10_08_2018-07-25.jpg,169,221,220,251,legal
-53_31__-0_07_2018-10-14.jpg,378,169,451,371,illegal
-53_7__0_52_2019-09-24.jpg,824,843,888,927,illegal
-63_59__3_705_2020-03-04.jpg,37,76,482,330,illegal
-63_635__3_705_2020-09-13.jpg,436,26,470,80,illegal
-63_27__3_66_2019-09-21.jpg,705,827,781,869,illegal
-52_23__0_66_2019-09-24.jpg,765,951,880,1000,illegal
-63_44__-10_04_2018-07-25.jpg,825,202,859,245,legal
-53_03__0_05_2018-10-14.jpg,212,842,262,938,illegal
-63_36__-9_96_2018-07-25.jpg,1,269,48,363,legal
-53_23__-0_19_2018-10-14.jpg,751,455,804,499,illegal
-63_44__-10_04_2018-07-25.jpg,748,796,801,864,legal
-59_2__2_23_2020-09-12.jpg,337,479,369,542,legal
-63_635__3_705_2020-03-04.jpg,126,1,441,144,illegal
-53_78__0_4_2019-09-24.jpg,192,406,340,620,illegal
-52_95__-0_31_2018-10-14.jpg,674,946,789,1000,illegal
-53_03__-0_07_2018-10-14.jpg,323,274,337,311,illegal
-63_23__3_57_2018-03-15.jpg,691,671,899,777,illegal
-59_2__2_15_2020-09-12.jpg,196,1,353,287,legal
-63_4__-9_92_2018-07-25.jpg,668,350,685,397,legal
-53_9__0_28_2019-09-24.jpg,2,927,127,1000,illegal
-71_16__-3_77_2021-01-17.jpg,101,250,174,335,illegal
-53_31__-0_03_2018-10-14.jpg,596,785,700,994,illegal
-63_23__3_66_2019-09-21.jpg,654,794,837,929,illegal
-52_19__0_66_2019-09-24.jpg,586,679,614,707,illegal
-71_68__-3_56_2021-01-17.jpg,323,235,347,388,illegal
-63_44__-10_0_2018-07-25.jpg,716,1,939,301,legal
-71_48__-3_52_2021-01-17.jpg,17,738,326,1000,illegal
-63_52__-10_0_2018-07-25.jpg,263,429,280,449,legal
-71_52__-3_56_2021-01-17.jpg,726,92,881,219,illegal
-71_68__-3_44_2021-01-17.jpg,222,53,469,349,illegal
-63_4__-9_96_2018-07-25.jpg,970,656,995,682,legal
-52_23__0_66_2019-09-24.jpg,333,296,406,340,illegal
-71_02__-3_43_2021-01-17.jpg,62,1,125,42,illegal
-60_82__-3_02_2020-07-29.jpg,71,522,482,874,illegal
-63_4__-9_92_2018-07-25.jpg,979,532,1000,551,legal
-63_92__2_5_2020-09-18.jpg,1,771,36,838,illegal
-71_16__-3_81_2021-01-17.jpg,477,117,1000,511,illegal
-63_6__3_7_2019-02-26.jpg,811,452,850,511,illegal
-63_31__3_58_2019-09-21.jpg,605,583,658,647,illegal
-56_16__-2_5_2020-09-06.jpg,1,651,273,974,legal
-59_2__2_23_2020-09-12.jpg,256,232,346,329,legal
-70_92__-3_81_2021-01-17.jpg,619,625,816,789,illegal
-63_44__-10_0_2018-07-25.jpg,36,945,97,997,legal
-53_86__0_32_2019-09-24.jpg,556,98,682,191,illegal
-52_23__0_66_2019-09-24.jpg,323,390,422,756,illegal
-53_78__0_48_2019-09-24.jpg,683,632,950,721,illegal
-52_95__-0_23_2018-10-14.jpg,351,113,541,330,illegal
-53_19__-0_03_2018-10-14.jpg,428,38,559,102,illegal
-71_2__-3_77_2021-01-17.jpg,105,662,267,746,illegal
-53_86__0_28_2019-09-24.jpg,497,611,665,772,illegal
-52_99__-0_27_2018-10-14.jpg,433,781,490,866,illegal
-63_23__3_54_2019-09-21.jpg,713,444,905,634,illegal
-53_78__0_36_2019-09-24.jpg,798,253,906,395,illegal
-52_99__-0_31_2018-10-14.jpg,1,606,44,713,illegal
-52_31__0_7_2019-09-24.jpg,1,467,40,527,illegal
-63_31__3_57_2018-03-15.jpg,740,129,816,191,illegal
-53_03__-0_23_2018-10-14.jpg,66,101,159,367,illegal
-63_27__3_66_2019-09-21.jpg,523,541,586,586,illegal
-60_82__-3_02_2020-07-29.jpg,308,1,654,359,illegal
-53_7__0_32_2019-09-24.jpg,30,835,200,963,illegal
-53_11__0_01_2018-10-14.jpg,361,393,381,410,illegal
-53_27__0_05_2018-10-14.jpg,533,859,687,995,illegal
-63_31__3_57_2018-03-15.jpg,232,516,574,839,illegal
-52_23__0_66_2019-09-24.jpg,343,192,457,219,illegal
-53_19__-0_15_2018-10-14.jpg,369,655,416,731,illegal
-63_44__-10_04_2018-07-25.jpg,424,524,606,649,legal
-52_27__0_74_2019-09-24.jpg,373,799,419,881,illegal
-73_74__-3_91_2019-09-03.jpg,457,556,501,626,illegal
-71_48__-3_56_2021-01-17.jpg,242,1,453,263,illegal
-63_635__3_705_2020-12-04.jpg,89,90,214,176,illegal
-63_56__-10_08_2018-07-25.jpg,7,908,147,984,legal
-70_88__-3_81_2021-01-17.jpg,812,456,1000,673,illegal
-63_48__-9_96_2018-07-25.jpg,82,741,265,871,legal
-59_2__2_23_2020-09-12.jpg,479,14,1000,823,legal
-52_99__-0_27_2018-10-14.jpg,849,350,878,380,illegal
-53_18__-0_05_2019-09-24.jpg,429,700,1000,1000,illegal
-52_99__-0_27_2018-10-14.jpg,467,865,522,952,illegal
-53_31__-0_15_2018-10-14.jpg,546,200,721,272,illegal
-63_635__3_705_2020-03-04.jpg,966,92,1000,123,illegal
-63_6__-10_04_2018-07-25.jpg,81,205,150,230,legal
-71_56__-3_52_2021-01-17.jpg,657,1,879,194,illegal
-53_18__-0_05_2019-09-24.jpg,141,850,164,879,illegal
-63_52__-9_88_2018-07-25.jpg,726,190,816,308,legal
-52_23__0_58_2019-09-24.jpg,407,735,430,775,illegal
-52_95__-0_03_2018-10-14.jpg,64,283,105,305,illegal
-53_19__-0_07_2018-10-14.jpg,436,43,492,86,illegal
-63_44__-10_0_2018-07-25.jpg,604,169,752,236,legal
-63_4__-10_0_2018-07-25.jpg,494,605,602,692,legal
-53_07__-0_27_2018-10-14.jpg,287,788,434,1000,illegal
-63_64__3_74_2019-02-26.jpg,126,954,175,988,illegal
-53_07__-0_23_2018-10-14.jpg,443,672,493,996,illegal
-63_675__3_75_2020-09-13.jpg,562,543,648,616,illegal
-52_99__-0_23_2018-10-14.jpg,738,568,905,730,illegal
-63_56__-10_08_2018-07-25.jpg,337,152,404,221,legal
-53_74__0_48_2019-09-24.jpg,619,78,696,200,illegal
-70_92__-3_81_2021-01-17.jpg,452,279,917,550,illegal
-71_12__-3_77_2021-01-17.jpg,133,863,367,1000,illegal
-63_52__-10_04_2018-07-25.jpg,191,345,292,403,legal
-52_23__0_58_2019-09-24.jpg,913,415,962,482,illegal
-53_31__-0_03_2018-10-14.jpg,749,732,919,964,illegal
-63_6__-10_08_2018-07-25.jpg,931,43,1000,138,legal
-63_68__3_7_2019-02-26.jpg,442,355,567,458,illegal
-63_635__3_705_2020-12-04.jpg,763,162,897,236,illegal
-71_68__-3_6_2021-01-17.jpg,155,163,248,323,illegal
-63_56__-10_04_2018-07-25.jpg,16,458,39,481,legal
-53_19__-0_11_2018-10-14.jpg,236,414,531,493,illegal
-59_2__2_19_2020-09-12.jpg,441,13,733,698,legal
-63_44__-10_04_2018-07-25.jpg,761,69,797,89,legal
-63_31__3_57_2018-03-15.jpg,807,90,827,105,illegal
-71_2__-3_77_2021-01-17.jpg,80,784,133,919,illegal
-52_99__-0_27_2018-10-14.jpg,811,217,871,265,illegal
-53_23__-0_07_2018-10-14.jpg,657,293,683,315,illegal
-52_95__-0_11_2018-10-14.jpg,1,748,92,923,illegal
-63_4__-10_08_2018-07-25.jpg,269,906,568,1000,legal
-63_4__-10_08_2018-07-25.jpg,912,1,1000,125,legal
-53_19__-0_27_2018-10-14.jpg,1,1,71,69,illegal
-63_44__-10_04_2018-07-25.jpg,1,219,370,803,legal
-63_64__3_7_2019-02-26.jpg,6,1,86,74,illegal
-71_56__-3_48_2021-01-17.jpg,469,906,542,953,illegal
-63_56__-9_92_2018-07-25.jpg,76,126,111,182,legal
-63_4__-10_08_2018-07-25.jpg,25,792,256,999,legal
-53_42__-0_25_2019-09-24.jpg,707,615,769,688,illegal
-53_15__-0_07_2018-10-14.jpg,1,678,110,801,illegal
-53_07__-0_31_2018-10-14.jpg,463,18,736,199,illegal
-71_12__-3_81_2021-01-17.jpg,1,52,183,224,illegal
-71_6__-3_44_2021-01-17.jpg,593,752,803,911,illegal
-53_84__0_35_2019-09-24.jpg,169,648,479,999,illegal
-53_23__-0_11_2018-10-14.jpg,306,56,412,131,illegal
-63_4__-10_08_2018-07-25.jpg,113,99,303,289,legal
-52_99__-0_07_2018-10-14.jpg,174,306,201,330,illegal
-63_52__-10_04_2018-07-25.jpg,206,34,284,75,legal
-53_7__0_48_2019-09-24.jpg,97,39,205,255,illegal
-70_88__-3_81_2021-01-17.jpg,759,396,859,579,illegal
-53_27__0_05_2018-10-14.jpg,806,108,897,247,illegal
-56_16__-2_54_2020-09-06.jpg,1,209,869,1000,legal
-53_86__0_56_2019-09-24.jpg,331,144,981,730,illegal
-59_2__2_19_2020-09-12.jpg,544,734,861,998,legal
-63_67__2_485_2018-03-15.jpg,556,133,598,166,illegal
-53_78__0_4_2019-09-24.jpg,440,754,501,888,illegal
-63_36__-9_96_2018-07-25.jpg,265,779,405,941,legal
-63_56__-10_08_2018-07-25.jpg,908,130,992,168,legal
-52_35__0_74_2019-09-24.jpg,306,738,390,889,illegal
-52_99__-0_23_2018-10-14.jpg,497,425,534,522,illegal
-70_9__-3_47_2021-01-17.jpg,479,55,538,93,illegal
-63_64__3_7_2019-02-26.jpg,557,55,799,113,illegal
-63_44__-10_08_2018-07-25.jpg,894,316,903,340,legal
-63_44__-9_92_2018-07-25.jpg,175,463,252,528,legal
-53_78__0_52_2019-09-24.jpg,527,715,590,925,illegal
-52_19__0_7_2019-09-24.jpg,113,893,205,960,illegal
-53_31__-0_15_2018-10-14.jpg,316,498,401,766,illegal
-63_31__3_54_2019-09-21.jpg,14,15,180,168,illegal
-53_27__-0_11_2018-10-14.jpg,927,401,974,502,illegal
-53_78__0_56_2019-09-24.jpg,10,726,122,905,illegal
-63_31__3_58_2019-09-21.jpg,714,497,811,563,illegal
-63_36__-10_0_2018-07-25.jpg,308,255,356,297,legal
-63_96__2_5_2020-09-18.jpg,952,755,1000,821,illegal
-63_675__3_705_2020-03-04.jpg,519,127,770,269,illegal
-53_7__0_52_2019-09-24.jpg,101,5,154,59,illegal
-53_84__0_31_2019-09-24.jpg,148,456,221,500,illegal
-52_31__0_74_2019-09-24.jpg,804,1,857,63,illegal
-53_27__-0_19_2018-10-14.jpg,311,122,388,215,illegal
-63_4__-9_96_2018-07-25.jpg,154,14,164,46,legal
-59_2__2_19_2020-09-12.jpg,860,253,1000,363,legal
-63_4__-9_92_2018-07-25.jpg,147,959,160,1000,legal
-56_2__-2_58_2020-09-06.jpg,610,1,1000,410,legal
-52_19__0_62_2019-09-24.jpg,256,684,310,705,illegal
-63_4__-9_96_2018-07-25.jpg,331,660,350,700,legal
-63_44__-10_04_2018-07-25.jpg,181,158,229,212,legal
-63_67__2_485_2018-03-15.jpg,852,166,937,194,illegal
-63_675__3_705_2020-09-13.jpg,620,420,648,456,illegal
-63_635__3_705_2020-03-04.jpg,763,160,899,218,illegal
-53_7__0_36_2019-09-24.jpg,134,834,194,885,illegal
-70_96__-3_81_2021-01-17.jpg,684,469,851,584,illegal
-53_07__-0_31_2018-10-14.jpg,326,59,359,145,illegal
-53_03__-0_31_2018-10-14.jpg,404,285,549,332,illegal
-63_48__-10_04_2018-07-25.jpg,46,7,306,215,legal
-53_19__-0_15_2018-10-14.jpg,453,451,518,507,illegal
-53_8__0_31_2019-09-24.jpg,318,646,440,705,illegal
-73_74__-3_91_2019-09-03.jpg,352,694,407,723,illegal
-53_78__0_56_2019-09-24.jpg,703,734,752,794,illegal
-53_03__-0_31_2018-10-14.jpg,469,341,531,413,illegal
-53_19__-0_23_2018-10-14.jpg,516,30,752,251,illegal
-63_44__-10_0_2018-07-25.jpg,212,238,304,419,legal
-53_42__-0_09_2019-09-24.jpg,902,291,973,367,illegal
-63_27__3_57_2019-03-15.jpg,254,300,313,358,illegal
-63_675__3_705_2020-03-04.jpg,34,529,239,706,illegal
-53_42__-0_13_2019-09-24.jpg,1,754,218,936,illegal
-53_15__-0_27_2018-10-14.jpg,326,214,418,281,illegal
-53_07__-0_31_2018-10-14.jpg,537,788,671,1000,illegal
-52_99__-0_31_2018-10-14.jpg,489,119,811,436,illegal
-53_86__0_32_2019-09-24.jpg,719,1,874,103,illegal
-71_2__-3_77_2021-01-17.jpg,369,43,560,167,illegal
-63_71__2_485_2018-03-15.jpg,750,90,1000,177,illegal
-52_95__-0_19_2018-10-14.jpg,74,1,169,36,illegal
-53_86__0_36_2019-09-24.jpg,618,811,896,903,illegal
-53_26__-0_09_2019-09-24.jpg,514,173,564,294,illegal
-63_56__-9_96_2018-07-25.jpg,406,563,454,606,legal
-63_6__-10_08_2018-07-25.jpg,861,197,1000,282,legal
-63_52__-10_08_2018-07-25.jpg,362,44,396,115,legal
-70_88__-3_81_2021-01-17.jpg,1,695,81,791,illegal
-63_635__3_705_2020-09-13.jpg,381,181,596,237,illegal
-52_35__0_7_2019-09-24.jpg,666,217,772,300,illegal
-53_31__-0_15_2018-10-14.jpg,419,555,627,772,illegal
-53_03__-0_31_2018-10-14.jpg,187,320,402,510,illegal
-63_36__-9_88_2018-07-25.jpg,623,257,711,375,legal
-63_52__-10_0_2018-07-25.jpg,921,537,991,614,legal
-53_78__0_52_2019-09-24.jpg,129,646,197,775,illegal
-53_78__0_36_2019-09-24.jpg,707,81,901,207,illegal
-63_48__-9_92_2018-07-25.jpg,512,374,636,429,legal
-63_36__-10_0_2018-07-25.jpg,17,496,59,548,legal
-63_56__-9_88_2018-07-25.jpg,245,638,370,681,legal
-71_31__-3_72_2021-01-17.jpg,715,768,824,854,illegal
-52_31__0_62_2019-09-24.jpg,264,461,324,533,illegal
-63_36__-10_08_2018-07-25.jpg,1,1,88,143,legal
-52_99__-0_31_2018-10-14.jpg,789,549,828,572,illegal
-63_635__3_705_2020-03-04.jpg,437,27,465,80,illegal
-56_2__-2_54_2020-09-06.jpg,1,1,198,94,legal
-63_56__-9_96_2018-07-25.jpg,303,719,316,739,legal
-53_07__-0_31_2018-10-14.jpg,143,56,325,148,illegal
-56_16__-2_58_2020-09-06.jpg,78,1,381,142,legal
-63_635__3_705_2020-09-13.jpg,972,92,993,116,illegal
-53_15__-0_11_2018-10-14.jpg,838,771,869,857,illegal
-63_675__3_705_2020-09-13.jpg,864,101,1000,192,illegal
-70_92__-3_81_2021-01-17.jpg,10,450,41,475,illegal
-71_64__-3_48_2021-01-17.jpg,361,45,585,289,illegal
-53_19__-0_23_2018-10-14.jpg,16,788,309,995,illegal
-63_52__-9_92_2018-07-25.jpg,274,463,403,643,legal
-63_635__3_705_2020-12-04.jpg,558,43,601,66,illegal
-71_68__-3_52_2021-01-17.jpg,241,787,394,894,illegal
-60_86__-3_02_2020-07-29.jpg,539,1,668,206,illegal
-63_71__2_485_2018-03-15.jpg,602,135,756,326,illegal
-53_19__-0_23_2018-10-14.jpg,475,683,515,714,illegal
-71_52__-3_56_2021-01-17.jpg,892,166,1000,434,illegal
-63_36__-10_0_2018-07-25.jpg,948,442,964,464,legal
-63_44__-10_08_2018-07-25.jpg,68,1,1000,144,legal
-52_95__-0_15_2018-10-14.jpg,287,682,326,730,illegal
-53_31__-0_15_2018-10-14.jpg,457,85,536,206,illegal
-70_82__-3_43_2021-01-17.jpg,2,493,305,964,illegal
-53_86__0_4_2019-09-24.jpg,13,910,400,993,illegal
-63_6__-10_0_2018-07-25.jpg,566,29,659,95,legal
-63_71__2_485_2018-03-15.jpg,175,769,215,862,illegal
-73_74__-3_91_2019-09-03.jpg,9,514,150,729,illegal
-71_02__-3_55_2021-01-17.jpg,564,588,693,775,illegal
-52_19__0_66_2019-09-24.jpg,67,630,107,679,illegal
-63_52__-10_08_2018-07-25.jpg,148,334,167,374,legal
-63_64__3_7_2019-02-26.jpg,336,1,368,32,illegal
-63_4__-10_08_2018-07-25.jpg,227,571,441,739,legal
-63_68__3_7_2019-02-26.jpg,755,303,770,323,illegal
-53_27__-0_07_2018-10-14.jpg,258,34,424,132,illegal
-63_48__-9_96_2018-07-25.jpg,507,425,739,534,legal
-63_44__-9_92_2018-07-25.jpg,574,276,655,308,legal
-52_19__0_62_2019-09-24.jpg,278,806,303,832,illegal
-63_52__-10_08_2018-07-25.jpg,531,182,549,199,legal
-53_19__-0_07_2018-10-14.jpg,592,227,660,297,illegal
-52_23__0_66_2019-09-24.jpg,415,258,456,281,illegal
-59_2__2_19_2020-09-12.jpg,364,160,488,210,legal
-53_19__-0_03_2018-10-14.jpg,1,469,26,506,illegal
-52_19__0_7_2019-09-24.jpg,256,564,294,600,illegal
-73_74__-3_91_2019-09-03.jpg,151,437,414,618,illegal
-71_02__-3_51_2021-01-17.jpg,165,446,315,632,illegal
-63_36__-10_04_2018-07-25.jpg,470,540,746,633,legal
-71_31__-3_72_2021-01-17.jpg,820,829,871,889,illegal
-63_4__-10_04_2018-07-25.jpg,685,845,967,1000,legal
-53_15__-0_19_2018-10-14.jpg,962,419,998,454,illegal
-60_86__-3_02_2020-07-29.jpg,326,278,356,306,illegal
-53_9__0_56_2019-09-24.jpg,7,479,51,514,illegal
-53_07__-0_23_2018-10-14.jpg,805,240,968,363,illegal
-71_0__-3_81_2021-01-17.jpg,548,229,574,252,illegal
-60_86__-3_02_2020-07-29.jpg,242,253,584,630,illegal
-63_4__-10_08_2018-07-25.jpg,495,66,584,106,legal
-53_27__-0_07_2018-10-14.jpg,259,193,376,265,illegal
-63_36__-9_92_2018-07-25.jpg,522,118,588,144,legal
-63_52__-9_92_2018-07-25.jpg,668,573,705,603,legal
-53_07__-0_31_2018-10-14.jpg,112,528,300,615,illegal
-53_07__-0_27_2018-10-14.jpg,550,669,625,936,illegal
-63_52__-9_88_2018-07-25.jpg,908,345,1000,388,legal
-53_26__-0_09_2019-09-24.jpg,668,903,698,928,illegal
-63_635__3_75_2020-03-04.jpg,53,874,164,1000,illegal
-52_99__-0_23_2018-10-14.jpg,426,201,468,226,illegal
-70_88__-3_81_2021-01-17.jpg,719,525,753,550,illegal
-63_59__3_705_2020-12-04.jpg,366,783,414,855,illegal
-64_0__2_5_2020-09-18.jpg,530,617,731,889,illegal
-70_78__-3_43_2021-01-17.jpg,194,544,236,595,illegal
-53_03__-0_27_2018-10-14.jpg,211,321,248,370,illegal
-63_31__3_57_2020-09-20.jpg,615,342,693,386,illegal
-53_11__-0_15_2018-10-14.jpg,821,192,935,305,illegal
-63_4__-10_0_2018-07-25.jpg,546,881,575,946,legal
-63_6__-9_96_2018-07-25.jpg,131,521,138,530,legal
-52_19__0_62_2019-09-24.jpg,700,565,746,597,illegal
-52_95__-0_11_2018-10-14.jpg,1,541,106,573,illegal
-63_48__-10_04_2018-07-25.jpg,450,6,658,175,legal
-63_31__3_57_2018-03-15.jpg,387,479,465,501,illegal
-53_78__0_48_2019-09-24.jpg,769,419,979,489,illegal
-53_8__0_31_2019-09-24.jpg,1,188,67,229,illegal
-63_4__-10_08_2018-07-25.jpg,575,939,734,1000,legal
-63_4__-10_08_2018-07-25.jpg,747,668,783,689,legal
-53_03__-0_23_2018-10-14.jpg,232,451,315,616,illegal
-63_56__-9_96_2018-07-25.jpg,82,973,94,1000,legal
-53_03__-0_23_2018-10-14.jpg,834,555,919,696,illegal
-63_31__3_57_2019-03-15.jpg,216,543,546,857,illegal
-52_31__0_62_2019-09-24.jpg,177,619,261,690,illegal
-63_6__-9_88_2018-07-25.jpg,337,598,358,624,legal
-63_96__2_5_2020-09-18.jpg,647,279,884,447,illegal
-63_23__3_66_2019-09-21.jpg,366,543,408,581,illegal
-60_86__-3_02_2020-07-29.jpg,28,630,662,884,illegal
-53_31__-0_07_2018-10-14.jpg,756,155,797,203,illegal
-53_03__0_05_2018-10-14.jpg,377,951,431,977,illegal
-63_48__-9_92_2018-07-25.jpg,364,391,431,415,legal
-71_68__-3_52_2021-01-17.jpg,181,712,257,762,illegal
-71_02__-3_55_2021-01-17.jpg,439,773,577,862,illegal
-60_82__-2_98_2020-07-29.jpg,1,574,994,983,illegal
-63_31__3_57_2019-03-15.jpg,366,277,579,464,illegal
-63_56__-10_0_2018-07-25.jpg,128,753,173,878,legal
-63_6__3_7_2019-02-26.jpg,613,519,678,672,illegal
-53_19__-0_03_2018-10-14.jpg,379,307,432,439,illegal
-53_78__0_4_2019-09-24.jpg,883,230,988,389,illegal
-63_48__-9_96_2018-07-25.jpg,207,467,256,532,legal
-63_36__-9_88_2018-07-25.jpg,283,864,320,913,legal
-63_56__-9_92_2018-07-25.jpg,515,378,683,440,legal
-53_84__0_31_2019-09-24.jpg,887,180,1000,251,illegal
-63_4__-10_04_2018-07-25.jpg,35,248,60,268,legal
-71_12__-3_77_2021-01-17.jpg,337,713,393,738,illegal
-60_86__-3_02_2020-07-29.jpg,853,1,973,180,illegal
-73_74__-3_91_2019-09-03.jpg,285,693,338,775,illegal
-63_52__-9_92_2018-07-25.jpg,445,629,586,703,legal
-60_82__-3_02_2020-07-29.jpg,475,752,930,1000,illegal
-53_07__-0_31_2018-10-14.jpg,318,489,585,590,illegal
-63_44__-10_08_2018-07-25.jpg,628,167,745,238,legal
-53_26__-0_09_2019-09-24.jpg,788,577,879,789,illegal
-53_7__0_52_2019-09-24.jpg,789,435,986,684,illegal
-63_92__2_5_2020-09-18.jpg,393,267,439,309,illegal
-73_74__-3_91_2019-09-03.jpg,144,768,176,793,illegal
-71_6__-3_48_2021-01-17.jpg,665,167,988,431,illegal
-53_07__-0_27_2018-10-14.jpg,809,423,963,694,illegal
-63_48__-10_0_2018-07-25.jpg,95,833,149,1000,legal
-53_3__-0_05_2019-09-24.jpg,596,463,655,540,illegal
-70_88__-3_81_2021-01-17.jpg,180,333,437,488,illegal
-63_96__2_5_2020-09-18.jpg,983,542,1000,594,illegal
-63_4__-10_0_2018-07-25.jpg,436,358,497,471,legal
-63_36__-9_88_2018-07-25.jpg,282,198,345,252,legal
-71_2__-3_77_2021-01-17.jpg,49,169,434,660,illegal
-63_36__-9_96_2018-07-25.jpg,476,915,546,942,legal
-52_99__-0_19_2018-10-14.jpg,709,643,746,692,illegal
-70_88__-3_81_2021-01-17.jpg,1,402,29,485,illegal
-53_23__-0_03_2018-10-14.jpg,827,690,965,815,illegal
-53_86__0_48_2019-09-24.jpg,258,129,346,351,illegal
-71_0__-3_81_2021-01-17.jpg,721,93,762,114,illegal
-63_36__-10_04_2018-07-25.jpg,532,660,811,962,legal
-63_96__2_5_2020-09-18.jpg,418,91,507,143,illegal
-63_635__3_705_2020-12-04.jpg,974,92,988,115,illegal
-53_15__-0_11_2018-10-14.jpg,793,331,1000,710,illegal
-52_27__0_58_2019-09-24.jpg,656,393,691,420,illegal
-63_6__-10_0_2018-07-25.jpg,888,706,918,750,legal
-53_11__0_01_2018-10-14.jpg,898,498,924,518,illegal
-63_635__3_75_2020-09-13.jpg,120,948,150,974,illegal
-63_6__-10_04_2018-07-25.jpg,814,970,846,1000,legal
-53_27__-0_15_2018-10-14.jpg,59,749,130,777,illegal
-73_74__-3_91_2019-09-03.jpg,708,207,733,237,illegal
-63_52__-10_04_2018-07-25.jpg,1,1,32,48,legal
-63_36__-9_96_2018-07-25.jpg,309,618,328,636,legal
-63_44__-10_0_2018-07-25.jpg,354,1,460,46,legal
-71_39__-3_68_2021-01-17.jpg,234,380,306,482,illegal
-53_18__-0_05_2019-09-24.jpg,577,632,636,717,illegal
-71_2__-3_77_2021-01-17.jpg,1,311,33,373,illegal
-73_74__-3_91_2019-09-03.jpg,524,54,587,106,illegal
-71_31__-3_72_2021-01-17.jpg,379,656,549,931,illegal
-63_36__-9_88_2018-07-25.jpg,323,810,404,873,legal
-63_31__3_66_2019-09-21.jpg,911,869,998,916,illegal
-56_24__-2_54_2020-09-06.jpg,706,1,1000,81,legal
-63_36__-9_96_2018-07-25.jpg,106,628,138,740,legal
-71_48__-3_52_2021-01-17.jpg,662,510,718,542,illegal
-63_64__3_7_2019-02-26.jpg,886,3,906,25,illegal
-63_56__-9_88_2018-07-25.jpg,498,759,587,843,legal
-63_64__3_74_2019-02-26.jpg,767,920,789,945,illegal
-63_31__3_57_2019-03-15.jpg,724,266,762,320,illegal
-53_74__0_52_2019-09-24.jpg,272,872,329,1000,illegal
-53_84__0_35_2019-09-24.jpg,8,491,198,766,illegal
-73_74__-3_91_2019-09-03.jpg,754,275,793,310,illegal
-71_56__-3_48_2021-01-17.jpg,28,224,252,530,illegal
-63_44__-9_92_2018-07-25.jpg,692,210,791,250,legal
-71_64__-3_52_2021-01-17.jpg,544,1,588,68,illegal
-63_675__3_705_2020-09-13.jpg,17,739,39,750,illegal
-63_635__3_705_2020-09-13.jpg,787,115,806,133,illegal
-56_16__-2_58_2020-09-06.jpg,1,49,41,151,legal
-63_6__-9_96_2018-07-25.jpg,503,126,539,142,legal
-70_98__-3_55_2021-01-17.jpg,326,736,443,898,illegal
-73_74__-3_91_2019-09-03.jpg,751,403,858,476,illegal
-63_6__-10_04_2018-07-25.jpg,164,1,253,73,legal
-63_31__3_57_2018-03-15.jpg,461,417,579,463,illegal
-53_22__-0_05_2019-09-24.jpg,632,240,723,318,illegal
-53_74__0_52_2019-09-24.jpg,883,545,1000,655,illegal
-63_31__3_58_2019-09-21.jpg,338,382,725,466,illegal
-63_48__-10_08_2018-07-25.jpg,622,134,642,152,legal
-63_71__2_485_2018-03-15.jpg,420,318,621,400,illegal
-63_635__3_705_2020-12-04.jpg,675,132,696,149,illegal
-70_88__-3_81_2021-01-17.jpg,462,1,548,42,illegal
-52_19__0_62_2019-09-24.jpg,1,565,73,594,illegal
-52_27__0_66_2019-09-24.jpg,946,770,1000,836,illegal
-63_19__3_58_2019-09-21.jpg,825,579,853,607,illegal
-53_03__0_05_2018-10-14.jpg,168,644,241,702,illegal
-63_6__-9_96_2018-07-25.jpg,100,321,117,347,legal
-71_02__-3_51_2021-01-17.jpg,709,628,811,701,illegal
-52_99__-0_07_2018-10-14.jpg,80,345,125,423,illegal
-63_36__-10_0_2018-07-25.jpg,334,181,384,244,legal
-53_74__0_52_2019-09-24.jpg,636,839,1000,1000,illegal
-63_4__-10_08_2018-07-25.jpg,20,642,243,787,legal
-63_56__-10_04_2018-07-25.jpg,882,18,978,106,legal
-63_6__-9_88_2018-07-25.jpg,388,706,417,736,legal
-63_36__-9_92_2018-07-25.jpg,49,550,129,626,legal
-59_16__2_19_2020-09-12.jpg,153,654,215,728,legal
-63_52__-10_08_2018-07-25.jpg,406,345,435,358,legal
-70_94__-3_51_2021-01-17.jpg,564,339,608,485,illegal
-63_4__-10_0_2018-07-25.jpg,428,905,496,958,legal
-63_635__3_705_2020-03-04.jpg,78,1,99,39,illegal
-63_635__3_705_2020-09-13.jpg,123,1,403,132,illegal
-53_3__-0_05_2019-09-24.jpg,511,223,640,447,illegal
-71_56__-3_6_2021-01-17.jpg,434,368,452,402,illegal
-63_31__3_57_2018-03-15.jpg,485,23,531,47,illegal
-52_23__0_66_2019-09-24.jpg,464,921,510,966,illegal
-63_36__-10_04_2018-07-25.jpg,239,64,634,279,legal
-70_88__-3_81_2021-01-17.jpg,566,761,605,819,illegal
-63_52__-10_08_2018-07-25.jpg,209,1,286,169,legal
-63_6__3_7_2019-02-26.jpg,788,270,869,333,illegal
-53_23__-0_19_2018-10-14.jpg,354,769,610,960,illegal
-71_35__-3_64_2021-01-17.jpg,576,362,711,423,illegal
-53_7__0_52_2019-09-24.jpg,516,389,557,561,illegal
-56_24__-2_5_2020-09-06.jpg,45,656,717,1000,legal
-53_31__-0_11_2018-10-14.jpg,1,400,12,455,illegal
-53_84__0_35_2019-09-24.jpg,57,850,183,939,illegal
-53_11__-0_11_2018-10-14.jpg,2,363,28,492,illegal
-63_56__-10_08_2018-07-25.jpg,69,112,114,151,legal
-63_4__-9_88_2018-07-25.jpg,460,359,501,384,legal
-63_4__-10_04_2018-07-25.jpg,592,312,941,800,legal
-63_635__3_705_2020-12-04.jpg,49,89,67,107,illegal
-63_635__3_705_2020-09-13.jpg,672,125,688,148,illegal
-52_35__0_7_2019-09-24.jpg,294,668,372,724,illegal
-53_86__0_32_2019-09-24.jpg,929,567,1000,641,illegal
-63_4__-10_08_2018-07-25.jpg,50,361,87,417,legal
-63_36__-10_04_2018-07-25.jpg,47,374,131,428,legal
-53_26__-0_05_2019-09-24.jpg,278,582,301,619,illegal
-71_35__-3_64_2021-01-17.jpg,722,929,864,1000,illegal
-53_23__-0_23_2018-10-14.jpg,265,260,305,291,illegal
-53_22__-0_05_2019-09-24.jpg,937,764,1000,818,illegal
-63_31__3_57_2018-03-15.jpg,613,166,672,251,illegal
-63_48__-10_0_2018-07-25.jpg,507,469,566,507,legal
-71_64__-3_48_2021-01-17.jpg,421,582,749,667,illegal
-63_59__3_705_2020-09-13.jpg,360,629,391,708,illegal
-53_11__-0_31_2018-10-14.jpg,1,211,22,231,illegal
-63_635__3_705_2020-09-13.jpg,1,81,213,178,illegal
-53_07__-0_31_2018-10-14.jpg,349,798,548,863,illegal
-53_31__-0_11_2018-10-14.jpg,1,61,61,128,illegal
-53_19__0_01_2018-10-14.jpg,123,935,246,1000,illegal
-60_82__-3_02_2020-07-29.jpg,824,563,1000,689,illegal
-63_23__3_58_2019-09-21.jpg,610,803,636,825,illegal
-63_4__-10_04_2018-07-25.jpg,447,19,489,132,legal
-53_82__0_32_2019-09-24.jpg,389,432,579,501,illegal
-73_82__-3_91_2019-09-03.jpg,881,838,942,951,illegal
-71_16__-3_81_2021-01-17.jpg,864,319,1000,438,illegal
-63_31__3_66_2019-09-21.jpg,530,820,674,1000,illegal
-71_0__-3_81_2021-01-17.jpg,104,224,212,342,illegal
-63_52__-10_0_2018-07-25.jpg,428,547,462,582,legal
-63_44__-10_04_2018-07-25.jpg,1,867,273,1000,legal
-63_6__-9_96_2018-07-25.jpg,361,123,404,141,legal
-63_92__2_5_2020-09-18.jpg,306,569,356,616,illegal
-53_27__-0_07_2018-10-14.jpg,521,93,564,126,illegal
-71_64__-3_48_2021-01-17.jpg,551,652,607,693,illegal
-63_6__-9_96_2018-07-25.jpg,303,642,317,654,legal
-71_35__-3_64_2021-01-17.jpg,489,412,713,586,illegal
-63_48__-10_04_2018-07-25.jpg,638,171,730,219,legal
-63_36__-9_88_2018-07-25.jpg,429,811,463,883,legal
-71_64__-3_48_2021-01-17.jpg,321,1,351,28,illegal
-73_78__-3_91_2019-09-03.jpg,730,670,830,727,illegal
-63_675__3_705_2020-03-04.jpg,353,431,652,575,illegal
-70_88__-3_81_2021-01-17.jpg,513,34,613,174,illegal
-63_4__-10_04_2018-07-25.jpg,318,151,370,207,legal
-53_03__-0_15_2018-10-14.jpg,543,688,611,707,illegal
-63_36__-10_0_2018-07-25.jpg,256,201,269,212,legal
-63_44__-10_04_2018-07-25.jpg,792,889,944,968,legal
-60_82__-3_02_2020-07-29.jpg,250,345,984,482,illegal
-63_31__3_57_2020-09-20.jpg,1,758,157,923,illegal
-53_27__0_01_2018-10-14.jpg,578,421,663,600,illegal
-71_6__-3_48_2021-01-17.jpg,801,493,839,570,illegal
-63_4__-10_08_2018-07-25.jpg,875,656,925,740,legal
-63_27__3_62_2019-09-21.jpg,1,597,178,803,illegal
-52_19__0_66_2019-09-24.jpg,1,580,71,669,illegal
-53_15__-0_11_2018-10-14.jpg,688,275,801,429,illegal
-71_02__-3_51_2021-01-17.jpg,949,576,1000,609,illegal
-63_23__3_66_2019-09-21.jpg,518,569,577,598,illegal
-63_31__3_57_2019-03-15.jpg,477,20,525,51,illegal
-53_11__-0_07_2018-10-14.jpg,875,652,925,685,illegal
-63_19__3_54_2019-09-21.jpg,199,733,256,824,illegal
-63_59__3_705_2020-03-04.jpg,361,623,419,798,illegal
-53_23__-0_23_2018-10-14.jpg,946,939,1000,993,illegal
-63_675__3_75_2020-03-04.jpg,818,713,867,763,illegal
-63_27__3_57_2020-09-20.jpg,909,660,954,733,illegal
-73_78__-3_91_2019-09-03.jpg,126,206,219,293,illegal
-56_2__-2_5_2020-09-06.jpg,552,853,834,1000,legal
-73_74__-3_91_2019-09-03.jpg,288,861,320,912,illegal
-53_7__0_52_2019-09-24.jpg,569,13,755,275,illegal
-53_27__-0_31_2018-10-14.jpg,622,142,654,227,illegal
-53_15__0_05_2018-10-14.jpg,969,655,997,681,illegal
-63_44__-9_92_2018-07-25.jpg,875,796,968,954,legal
-63_4__-10_0_2018-07-25.jpg,929,917,1000,1000,legal
-52_95__-0_15_2018-10-14.jpg,364,715,537,964,illegal
-73_74__-3_91_2019-09-03.jpg,945,698,1000,780,illegal
-63_635__3_705_2020-12-04.jpg,1,124,7,138,illegal
-53_27__-0_11_2018-10-14.jpg,975,560,1000,618,illegal
-71_02__-3_55_2021-01-17.jpg,231,390,298,467,illegal
-63_4__-9_96_2018-07-25.jpg,501,121,741,425,legal
-53_23__-0_11_2018-10-14.jpg,29,14,181,298,illegal
-63_36__-9_88_2018-07-25.jpg,237,911,296,996,legal
-63_4__-10_0_2018-07-25.jpg,441,176,477,318,legal
-71_35__-3_64_2021-01-17.jpg,226,314,404,371,illegal
-53_22__-0_05_2019-09-24.jpg,612,740,665,773,illegal
-71_35__-3_72_2021-01-17.jpg,681,578,787,649,illegal
-63_31__3_57_2018-03-15.jpg,421,403,483,438,illegal
-71_0__-3_81_2021-01-17.jpg,525,162,574,184,illegal
-63_27__3_66_2019-09-21.jpg,727,623,776,678,illegal
-63_4__-10_04_2018-07-25.jpg,560,253,659,348,legal
-53_3__-0_05_2019-09-24.jpg,797,280,927,399,illegal
-63_48__-9_88_2018-07-25.jpg,756,159,821,225,legal
-52_99__-0_27_2018-10-14.jpg,879,175,1000,415,illegal
-53_19__-0_07_2018-10-14.jpg,178,270,262,315,illegal
-52_99__-0_31_2018-10-14.jpg,155,681,298,896,illegal
-52_19__0_58_2019-09-24.jpg,225,83,303,133,illegal
-53_9__0_28_2019-09-24.jpg,581,266,648,311,illegal
-63_675__3_705_2020-09-13.jpg,502,118,754,280,illegal
-63_52__-10_04_2018-07-25.jpg,391,530,425,582,legal
-63_67__2_485_2018-03-15.jpg,777,140,818,170,illegal
-53_84__0_31_2019-09-24.jpg,18,1,191,193,illegal
-70_88__-3_81_2021-01-17.jpg,721,636,748,668,illegal
-63_31__3_57_2019-03-15.jpg,398,476,467,502,illegal
-53_31__-0_15_2018-10-14.jpg,49,1,148,59,illegal
-71_48__-3_56_2021-01-17.jpg,231,262,268,324,illegal
-71_64__-3_48_2021-01-17.jpg,278,80,352,164,illegal
-63_59__3_75_2020-09-13.jpg,975,877,999,903,illegal
-53_84__0_31_2019-09-24.jpg,429,167,689,385,illegal
-70_88__-3_81_2021-01-17.jpg,798,680,826,726,illegal
-63_4__-10_0_2018-07-25.jpg,450,616,476,645,legal
-52_99__-0_23_2018-10-14.jpg,841,970,892,1000,illegal
-63_36__-10_04_2018-07-25.jpg,321,655,385,704,legal
-71_48__-3_56_2021-01-17.jpg,64,363,374,646,illegal
-71_56__-3_48_2021-01-17.jpg,258,527,292,557,illegal
-63_27__3_54_2019-09-21.jpg,585,701,667,772,illegal
-63_59__3_75_2020-12-04.jpg,958,948,984,990,illegal
-53_31__-0_15_2018-10-14.jpg,231,268,358,408,illegal
-53_03__-0_31_2018-10-14.jpg,715,20,776,207,illegal
-53_19__0_05_2018-10-14.jpg,1,766,122,878,illegal
-56_16__-2_58_2020-09-06.jpg,1,185,54,348,legal
-63_675__3_705_2020-09-13.jpg,348,476,514,568,illegal
-63_6__-10_08_2018-07-25.jpg,885,869,905,903,legal
-70_88__-3_81_2021-01-17.jpg,165,599,292,762,illegal
-60_86__-3_02_2020-07-29.jpg,361,851,482,1000,illegal
-63_44__-9_96_2018-07-25.jpg,256,633,317,759,legal
-56_2__-2_5_2020-09-06.jpg,1,291,750,967,legal
-60_86__-3_02_2020-07-29.jpg,500,921,656,1000,illegal
-71_39__-3_68_2021-01-17.jpg,249,102,333,152,illegal
-63_31__3_57_2020-09-20.jpg,711,269,800,348,illegal
-63_44__-10_0_2018-07-25.jpg,408,439,652,751,legal
-71_2__-3_77_2021-01-17.jpg,644,620,675,720,illegal
-53_23__-0_19_2018-10-14.jpg,592,321,700,400,illegal
-63_56__-10_08_2018-07-25.jpg,371,41,630,174,legal
-59_2__2_15_2020-09-12.jpg,157,302,175,334,legal
-53_9__0_56_2019-09-24.jpg,160,197,219,252,illegal
-63_635__3_705_2020-03-04.jpg,790,115,811,137,illegal
-53_8__0_31_2019-09-24.jpg,288,756,418,929,illegal
-53_23__-0_19_2018-10-14.jpg,451,1,491,81,illegal
-52_35__0_74_2019-09-24.jpg,661,415,774,546,illegal
-53_78__0_28_2019-09-24.jpg,426,660,503,901,illegal
-63_36__-10_04_2018-07-25.jpg,822,520,865,591,legal
-53_27__-0_07_2018-10-14.jpg,761,845,814,909,illegal
-71_35__-3_68_2021-01-17.jpg,191,403,264,511,illegal
-63_44__-10_0_2018-07-25.jpg,563,764,898,1000,legal
-63_27__3_58_2019-09-21.jpg,848,713,958,907,illegal
-53_27__-0_15_2018-10-14.jpg,109,246,175,309,illegal
-63_4__-10_04_2018-07-25.jpg,954,105,976,152,legal
-63_36__-10_08_2018-07-25.jpg,160,446,639,1000,legal
-71_02__-3_55_2021-01-17.jpg,566,425,731,534,illegal
-63_36__-9_92_2018-07-25.jpg,376,670,402,713,legal
-52_31__0_74_2019-09-24.jpg,659,96,711,179,illegal
-71_56__-3_52_2021-01-17.jpg,887,735,919,814,illegal
-63_4__-10_08_2018-07-25.jpg,845,775,1000,898,legal
-63_96__2_5_2020-09-18.jpg,600,1,830,182,illegal
-53_3__-0_05_2019-09-24.jpg,891,835,1000,941,illegal
-63_4__-10_04_2018-07-25.jpg,679,24,830,303,legal
-63_36__-10_08_2018-07-25.jpg,1,848,115,1000,legal
-71_48__-3_52_2021-01-17.jpg,546,576,661,702,illegal
-53_07__-0_27_2018-10-14.jpg,464,1,644,417,illegal
-63_36__-10_0_2018-07-25.jpg,921,331,960,352,legal
-63_36__-9_96_2018-07-25.jpg,725,421,909,583,legal
-63_68__3_7_2019-02-26.jpg,159,414,359,580,illegal
-53_03__-0_27_2018-10-14.jpg,918,840,956,971,illegal
-63_48__-10_0_2018-07-25.jpg,618,1,1000,517,legal
-63_635__3_705_2020-12-04.jpg,459,199,570,233,illegal
-63_4__-10_0_2018-07-25.jpg,455,550,475,587,legal
-63_675__3_705_2020-12-04.jpg,17,541,258,714,illegal
-53_3__-0_05_2019-09-24.jpg,241,543,294,586,illegal
-53_23__-0_15_2018-10-14.jpg,133,869,253,1000,illegal
-70_98__-3_55_2021-01-17.jpg,363,663,454,726,illegal
-63_27__3_66_2019-09-21.jpg,224,527,418,619,illegal
-63_6__-10_04_2018-07-25.jpg,600,178,677,217,legal
-63_48__-9_92_2018-07-25.jpg,127,544,355,962,legal
-63_635__3_705_2020-03-04.jpg,452,194,599,232,illegal
-53_23__-0_19_2018-10-14.jpg,504,415,652,501,illegal
-71_56__-3_48_2021-01-17.jpg,322,594,538,814,illegal
-53_9__0_56_2019-09-24.jpg,492,250,546,308,illegal
-53_74__0_28_2019-09-24.jpg,122,947,230,1000,illegal
-71_68__-3_52_2021-01-17.jpg,15,605,157,901,illegal
-63_96__2_5_2020-09-18.jpg,933,29,984,70,illegal
-53_26__-0_09_2019-09-24.jpg,508,334,574,409,illegal
-63_6__-9_92_2018-07-25.jpg,894,528,920,585,legal
-71_48__-3_56_2021-01-17.jpg,473,8,605,126,illegal
-63_31__3_57_2019-03-15.jpg,540,946,585,975,illegal
-63_4__-10_0_2018-07-25.jpg,711,809,814,936,legal
-52_23__0_66_2019-09-24.jpg,464,199,841,320,illegal
-53_42__-0_09_2019-09-24.jpg,746,466,847,565,illegal
-70_9__-3_47_2021-01-17.jpg,603,211,658,245,illegal
-53_23__-0_19_2018-10-14.jpg,288,917,355,1000,illegal
-53_42__-0_25_2019-09-24.jpg,605,660,644,711,illegal
-63_36__-10_04_2018-07-25.jpg,679,124,700,139,legal
-63_31__3_62_2019-09-21.jpg,316,979,346,997,illegal
-53_03__-0_15_2018-10-14.jpg,793,659,854,707,illegal
-53_31__0_01_2018-10-14.jpg,122,407,215,496,illegal
-63_48__-9_96_2018-07-25.jpg,1,168,154,421,legal
-71_02__-3_43_2021-01-17.jpg,377,196,454,297,illegal
-63_31__3_62_2019-09-21.jpg,256,290,890,904,illegal
-71_52__-3_52_2021-01-17.jpg,236,340,329,418,illegal
-70_88__-3_81_2021-01-17.jpg,361,154,470,244,illegal
-71_35__-3_72_2021-01-17.jpg,834,331,953,544,illegal
-53_31__0_01_2018-10-14.jpg,574,479,639,600,illegal
-60_82__-2_98_2020-07-29.jpg,844,640,982,821,illegal
-63_67__2_485_2018-03-15.jpg,51,74,206,129,illegal
-63_36__-9_92_2018-07-25.jpg,232,400,256,419,legal
-63_48__-9_88_2018-07-25.jpg,746,328,831,440,legal
-53_23__-0_11_2018-10-14.jpg,1,577,15,613,illegal
-53_23__-0_15_2018-10-14.jpg,493,806,556,944,illegal
-52_19__0_66_2019-09-24.jpg,255,735,294,753,illegal
-71_0__-3_77_2021-01-17.jpg,555,670,627,715,illegal
-63_635__3_705_2020-03-04.jpg,678,133,716,151,illegal
-53_3__-0_05_2019-09-24.jpg,172,324,348,382,illegal
-52_19__0_62_2019-09-24.jpg,473,1,505,107,illegal
-71_56__-3_56_2021-01-17.jpg,799,886,836,925,illegal
-52_27__0_74_2019-09-24.jpg,1,682,82,759,illegal
-63_52__-9_92_2018-07-25.jpg,763,816,801,858,legal
-71_0__-3_81_2021-01-17.jpg,647,219,721,263,illegal
-53_9__0_28_2019-09-24.jpg,643,503,836,813,illegal
-63_59__3_705_2020-12-04.jpg,31,82,409,241,illegal
-52_99__-0_27_2018-10-14.jpg,698,1,885,38,illegal
-52_99__-0_31_2018-10-14.jpg,328,546,461,691,illegal
-53_9__0_56_2019-09-24.jpg,883,904,934,963,illegal
-71_64__-3_44_2021-01-17.jpg,299,813,489,1000,illegal
-53_7__0_52_2019-09-24.jpg,491,1,560,204,illegal
-52_19__0_66_2019-09-24.jpg,49,690,107,758,illegal
-71_0__-3_77_2021-01-17.jpg,575,908,611,926,illegal
-53_82__0_28_2019-09-24.jpg,792,5,858,178,illegal
-52_19__0_7_2019-09-24.jpg,122,786,231,838,illegal
-52_19__0_62_2019-09-24.jpg,546,588,580,614,illegal
-59_16__2_19_2020-09-12.jpg,1,5,633,619,legal
-70_98__-3_55_2021-01-17.jpg,258,653,313,763,illegal
-73_74__-3_91_2019-09-03.jpg,813,87,859,196,illegal
-56_2__-2_54_2020-09-06.jpg,501,1,1000,397,legal
-63_56__-9_96_2018-07-25.jpg,786,683,849,729,legal
-71_56__-3_6_2021-01-17.jpg,683,774,711,815,illegal
-71_02__-3_43_2021-01-17.jpg,79,140,187,303,illegal
-52_19__0_66_2019-09-24.jpg,281,760,333,865,illegal
-63_48__-10_08_2018-07-25.jpg,203,461,375,675,legal
-53_31__-0_15_2018-10-14.jpg,817,740,849,765,illegal
-53_23__-0_11_2018-10-14.jpg,58,739,140,786,illegal
-63_44__-10_04_2018-07-25.jpg,143,39,220,107,legal
-71_48__-3_6_2021-01-17.jpg,470,133,718,475,illegal
-53_27__-0_19_2018-10-14.jpg,218,1,267,42,illegal
-52_99__-0_19_2018-10-14.jpg,605,664,636,689,illegal
-63_44__-9_92_2018-07-25.jpg,936,537,994,589,legal
-63_52__-9_88_2018-07-25.jpg,316,116,537,214,legal
-71_6__-3_44_2021-01-17.jpg,893,745,934,815,illegal
-71_35__-3_68_2021-01-17.jpg,616,210,684,276,illegal
-70_88__-3_81_2021-01-17.jpg,506,382,595,471,illegal
-63_6__-9_96_2018-07-25.jpg,33,175,62,190,legal
-56_16__-2_5_2020-09-06.jpg,1,274,314,552,legal
-63_52__-10_0_2018-07-25.jpg,398,303,438,339,legal
-63_44__-10_0_2018-07-25.jpg,510,88,556,103,legal
-59_2__2_19_2020-09-12.jpg,120,215,434,805,legal
-63_675__3_705_2020-09-13.jpg,259,542,553,669,illegal
-73_74__-3_91_2019-09-03.jpg,442,288,487,326,illegal
-53_27__-0_07_2018-10-14.jpg,766,771,786,797,illegal
-53_86__0_36_2019-09-24.jpg,327,22,572,95,illegal
-63_64__3_74_2019-02-26.jpg,605,970,623,1000,illegal
-63_31__3_57_2019-03-15.jpg,56,668,183,904,illegal
-70_92__-3_81_2021-01-17.jpg,126,608,192,680,illegal
-63_36__-10_04_2018-07-25.jpg,386,893,563,1000,legal
-60_82__-2_98_2020-07-29.jpg,110,539,190,574,illegal
-63_6__3_74_2019-02-26.jpg,214,967,250,991,illegal
-53_84__0_31_2019-09-24.jpg,390,710,451,841,illegal
-71_6__-3_48_2021-01-17.jpg,729,1,879,59,illegal
-63_6__-10_08_2018-07-25.jpg,66,92,87,132,legal
-53_07__-0_31_2018-10-14.jpg,217,247,247,426,illegal
-63_6__-10_0_2018-07-25.jpg,325,512,341,527,legal
-71_02__-3_43_2021-01-17.jpg,23,447,112,725,illegal
-71_48__-3_52_2021-01-17.jpg,658,692,784,765,illegal
-53_74__0_28_2019-09-24.jpg,168,650,288,804,illegal
-53_27__-0_03_2018-10-14.jpg,52,789,173,896,illegal
-63_56__-9_96_2018-07-25.jpg,162,564,177,593,legal
-63_44__-9_88_2018-07-25.jpg,510,910,527,928,legal
-53_31__-0_27_2018-10-14.jpg,748,394,772,419,illegal
-52_19__0_62_2019-09-24.jpg,909,758,958,788,illegal
-63_36__-10_0_2018-07-25.jpg,830,385,847,418,legal
-52_27__0_62_2019-09-24.jpg,117,965,164,1000,illegal
-53_18__-0_05_2019-09-24.jpg,428,753,609,874,illegal
-53_18__-0_05_2019-09-24.jpg,196,545,237,585,illegal
-53_26__-0_09_2019-09-24.jpg,676,782,778,815,illegal
-52_99__-0_11_2018-10-14.jpg,929,650,1000,831,illegal
-70_96__-3_81_2021-01-17.jpg,283,67,560,332,illegal
-53_07__-0_27_2018-10-14.jpg,742,846,1000,952,illegal
-71_68__-3_44_2021-01-17.jpg,788,505,821,530,illegal
-60_82__-2_98_2020-07-29.jpg,574,705,702,1000,illegal
-63_44__-10_0_2018-07-25.jpg,639,311,756,446,legal
-53_19__-0_03_2018-10-14.jpg,450,433,591,517,illegal
-52_23__0_7_2019-09-24.jpg,816,908,864,958,illegal
-63_44__-10_08_2018-07-25.jpg,494,255,550,314,legal
-53_03__-0_31_2018-10-14.jpg,1,513,169,843,illegal
-52_27__0_58_2019-09-24.jpg,730,738,830,819,illegal
-63_4__-10_04_2018-07-25.jpg,106,278,122,326,legal
-63_23__3_62_2019-09-21.jpg,123,152,233,249,illegal
-63_92__2_5_2020-09-18.jpg,285,525,312,558,illegal
-63_19__3_54_2019-09-21.jpg,256,321,546,861,illegal
-70_94__-3_51_2021-01-17.jpg,418,831,518,927,illegal
-53_31__-0_27_2018-10-14.jpg,819,469,841,494,illegal
-63_6__-10_0_2018-07-25.jpg,637,859,680,890,legal
-52_19__0_62_2019-09-24.jpg,417,147,468,201,illegal
-63_4__-10_08_2018-07-25.jpg,37,459,63,495,legal
-63_31__3_66_2019-09-21.jpg,862,692,947,834,illegal
-63_48__-10_04_2018-07-25.jpg,877,506,945,561,legal
-53_22__-0_05_2019-09-24.jpg,585,638,654,684,illegal
-52_23__0_66_2019-09-24.jpg,602,435,824,564,illegal
-63_52__-10_0_2018-07-25.jpg,606,868,678,911,legal
-63_4__-10_08_2018-07-25.jpg,509,803,757,868,legal
-53_18__-0_05_2019-09-24.jpg,358,7,498,157,illegal
-53_19__-0_23_2018-10-14.jpg,72,158,115,214,illegal
-53_27__-0_15_2018-10-14.jpg,17,817,277,1000,illegal
-63_6__-9_88_2018-07-25.jpg,395,128,565,251,legal
-71_16__-3_81_2021-01-17.jpg,418,435,462,492,illegal
-53_19__-0_19_2018-10-14.jpg,582,957,623,994,illegal
-53_31__-0_07_2018-10-14.jpg,507,480,568,531,illegal
-71_0__-3_81_2021-01-17.jpg,634,375,661,410,illegal
-53_11__0_05_2018-10-14.jpg,317,829,407,893,illegal
-63_36__-10_0_2018-07-25.jpg,358,281,393,417,legal
-56_24__-2_5_2020-09-06.jpg,25,921,181,1000,legal
-53_23__-0_15_2018-10-14.jpg,793,540,993,658,illegal
-63_68__3_7_2019-02-26.jpg,631,419,673,451,illegal
-53_86__0_56_2019-09-24.jpg,227,635,357,791,illegal
-63_44__-10_08_2018-07-25.jpg,825,640,953,690,legal
-63_675__3_705_2020-09-13.jpg,88,539,264,680,illegal
-53_03__0_01_2018-10-14.jpg,303,450,347,478,illegal
-63_6__-9_96_2018-07-25.jpg,221,526,232,540,legal
-70_88__-3_81_2021-01-17.jpg,579,589,623,723,illegal
-63_675__3_705_2020-12-04.jpg,924,6,992,68,illegal
-63_6__-9_88_2018-07-25.jpg,777,870,800,906,legal
-63_23__3_66_2019-09-21.jpg,917,420,1000,478,illegal
-52_99__-0_31_2018-10-14.jpg,646,753,704,808,illegal
-60_86__-3_02_2020-07-29.jpg,532,381,886,588,illegal
-63_675__3_75_2020-09-13.jpg,519,514,565,531,illegal
-63_31__3_57_2020-09-20.jpg,78,530,216,608,illegal
-53_15__-0_11_2018-10-14.jpg,723,430,803,503,illegal
-53_07__-0_15_2018-10-14.jpg,86,378,119,496,illegal
-53_34__-0_13_2019-09-24.jpg,1,739,43,781,illegal
-63_68__3_7_2019-02-26.jpg,145,591,259,641,illegal
-52_23__0_58_2019-09-24.jpg,112,724,138,743,illegal
-53_23__-0_11_2018-10-14.jpg,1,290,18,345,illegal
-63_59__3_705_2020-09-13.jpg,452,604,552,708,illegal
-63_31__3_57_2020-09-20.jpg,173,455,627,994,illegal
-52_19__0_62_2019-09-24.jpg,216,333,261,390,illegal
-63_44__-9_96_2018-07-25.jpg,858,800,964,1000,legal
-53_15__-0_31_2018-10-14.jpg,608,527,686,564,illegal
-53_27__-0_11_2018-10-14.jpg,808,696,836,730,illegal
-52_23__0_66_2019-09-24.jpg,1,240,107,288,illegal
-63_4__-9_88_2018-07-25.jpg,814,319,834,350,legal
-63_31__3_57_2018-03-15.jpg,47,670,193,923,illegal
-63_44__-10_04_2018-07-25.jpg,851,258,970,405,legal
-63_56__-9_96_2018-07-25.jpg,735,83,756,102,legal
-53_23__-0_07_2018-10-14.jpg,13,391,87,474,illegal
-63_36__-9_96_2018-07-25.jpg,136,740,200,876,legal
-63_635__3_705_2020-12-04.jpg,122,1,404,133,illegal
-64_0__2_5_2020-09-18.jpg,790,792,984,976,illegal
-63_4__-10_08_2018-07-25.jpg,754,85,907,248,legal
-73_78__-3_91_2019-09-03.jpg,845,442,1000,710,illegal
-53_15__-0_07_2018-10-14.jpg,516,713,571,789,illegal
-63_6__3_7_2019-02-26.jpg,564,92,713,208,illegal
-63_52__-9_92_2018-07-25.jpg,294,89,319,107,legal
-63_48__-10_04_2018-07-25.jpg,506,178,592,224,legal
-53_23__-0_07_2018-10-14.jpg,833,144,900,185,illegal
-53_9__0_56_2019-09-24.jpg,390,410,432,489,illegal
-71_64__-3_48_2021-01-17.jpg,816,248,980,290,illegal
-53_42__-0_21_2019-09-24.jpg,668,268,796,411,illegal
-52_99__-0_27_2018-10-14.jpg,744,85,789,126,illegal
-53_86__0_28_2019-09-24.jpg,890,1,958,105,illegal
-71_68__-3_6_2021-01-17.jpg,239,79,276,126,illegal
-52_99__-0_03_2018-10-14.jpg,184,498,215,545,illegal
-63_4__-9_88_2018-07-25.jpg,553,314,594,332,legal
-63_64__3_74_2019-02-26.jpg,177,619,312,780,illegal
-63_44__-9_88_2018-07-25.jpg,498,476,535,501,legal
-53_34__-0_25_2019-09-24.jpg,399,409,428,439,illegal
-63_23__3_57_2019-03-15.jpg,690,665,883,767,illegal
-60_86__-3_02_2020-07-29.jpg,749,203,878,334,illegal
-70_9__-3_47_2021-01-17.jpg,924,968,1000,1000,illegal
-70_86__-3_51_2021-01-17.jpg,909,426,958,507,illegal
-53_11__0_05_2018-10-14.jpg,152,952,194,972,illegal
-63_675__3_705_2020-12-04.jpg,352,475,468,571,illegal
-63_36__-10_0_2018-07-25.jpg,446,273,468,288,legal
-70_94__-3_51_2021-01-17.jpg,117,742,347,1000,illegal
-63_675__3_705_2020-03-04.jpg,15,739,40,754,illegal
-70_94__-3_43_2021-01-17.jpg,558,510,583,543,illegal
-60_86__-3_02_2020-07-29.jpg,1,303,283,636,illegal
-53_31__-0_03_2018-10-14.jpg,715,610,843,753,illegal
-70_92__-3_81_2021-01-17.jpg,176,562,221,606,illegal
-63_36__-10_0_2018-07-25.jpg,614,884,635,934,legal
-71_02__-3_55_2021-01-17.jpg,395,296,514,371,illegal
-63_44__-10_0_2018-07-25.jpg,184,914,245,974,legal
-63_52__-10_04_2018-07-25.jpg,223,967,291,1000,legal
-52_99__-0_23_2018-10-14.jpg,813,498,865,563,illegal
-63_675__3_705_2020-12-04.jpg,49,709,149,760,illegal
-52_31__0_62_2019-09-24.jpg,71,547,146,610,illegal
-73_74__-3_91_2019-09-03.jpg,131,887,172,968,illegal
-71_39__-3_68_2021-01-17.jpg,926,449,1000,591,illegal
-63_27__3_66_2019-09-21.jpg,76,622,664,945,illegal
-53_7__0_52_2019-09-24.jpg,862,385,989,438,illegal
-53_23__-0_07_2018-10-14.jpg,858,242,909,273,illegal
-63_48__-9_88_2018-07-25.jpg,403,576,452,603,legal
-63_635__3_705_2020-03-04.jpg,574,51,603,86,illegal
-63_36__-10_08_2018-07-25.jpg,785,702,901,1000,legal
-63_6__-9_88_2018-07-25.jpg,19,177,273,288,legal
-63_92__2_5_2020-09-18.jpg,837,515,1000,818,illegal
-63_48__-10_04_2018-07-25.jpg,918,934,976,996,legal
-63_56__-10_0_2018-07-25.jpg,341,724,443,841,legal
-52_99__-0_27_2018-10-14.jpg,937,383,999,507,illegal
-70_92__-3_81_2021-01-17.jpg,98,231,190,354,illegal
-63_27__3_66_2019-09-21.jpg,778,675,1000,1000,illegal
-63_31__3_58_2019-09-21.jpg,211,793,543,1000,illegal
-71_35__-3_68_2021-01-17.jpg,646,542,797,715,illegal
-53_26__-0_05_2019-09-24.jpg,493,880,521,898,illegal
-71_39__-3_68_2021-01-17.jpg,148,88,205,236,illegal
-70_92__-3_81_2021-01-17.jpg,248,414,371,512,illegal
-53_86__0_28_2019-09-24.jpg,33,872,112,989,illegal
-63_19__3_62_2019-09-21.jpg,65,61,148,195,illegal
-53_19__-0_07_2018-10-14.jpg,824,130,887,248,illegal
-63_36__-9_92_2018-07-25.jpg,187,794,207,856,legal
-53_23__-0_19_2018-10-14.jpg,619,866,855,915,illegal
-53_19__-0_15_2018-10-14.jpg,15,665,196,810,illegal
-71_68__-3_56_2021-01-17.jpg,265,216,341,239,illegal
-63_52__-9_96_2018-07-25.jpg,459,690,887,908,legal
-52_35__0_74_2019-09-24.jpg,83,904,307,1000,illegal
-63_675__3_705_2020-03-04.jpg,868,92,1000,197,illegal
-53_31__-0_15_2018-10-14.jpg,829,348,887,420,illegal
-63_44__-10_08_2018-07-25.jpg,58,111,341,630,legal
-53_27__-0_11_2018-10-14.jpg,944,858,1000,893,illegal
-59_16__2_19_2020-09-12.jpg,1,70,101,156,legal
-71_31__-3_72_2021-01-17.jpg,430,554,538,674,illegal
-71_68__-3_52_2021-01-17.jpg,119,584,194,677,illegal
-63_36__-10_04_2018-07-25.jpg,563,366,720,517,legal
-52_19__0_62_2019-09-24.jpg,113,618,174,657,illegal
-52_99__-0_23_2018-10-14.jpg,412,377,483,401,illegal
-53_78__0_36_2019-09-24.jpg,682,543,754,609,illegal
-52_99__-0_23_2018-10-14.jpg,601,758,717,793,illegal
-52_31__0_7_2019-09-24.jpg,555,478,584,501,illegal
-63_48__-10_0_2018-07-25.jpg,364,614,629,814,legal
-53_9__0_56_2019-09-24.jpg,433,375,506,427,illegal
-52_35__0_7_2019-09-24.jpg,321,302,381,379,illegal
-52_95__0_05_2018-10-14.jpg,34,705,87,741,illegal
-63_6__-9_96_2018-07-25.jpg,870,893,906,905,legal
-52_95__-0_15_2018-10-14.jpg,108,252,128,281,illegal
-73_74__-3_91_2019-09-03.jpg,350,763,449,805,illegal
-60_86__-2_98_2020-07-29.jpg,322,899,419,1000,illegal
-63_675__3_705_2020-09-13.jpg,49,720,115,767,illegal
-63_6__-10_0_2018-07-25.jpg,558,168,577,184,legal
-53_74__0_48_2019-09-24.jpg,341,297,414,403,illegal
-52_95__-0_23_2018-10-14.jpg,542,81,844,158,illegal
-71_52__-3_52_2021-01-17.jpg,265,255,304,284,illegal
-63_59__3_705_2020-12-04.jpg,376,250,479,330,illegal
-70_88__-3_81_2021-01-17.jpg,1,791,185,877,illegal
-63_635__3_705_2020-12-04.jpg,431,30,466,80,illegal
-63_19__3_58_2019-09-21.jpg,912,439,967,475,illegal
-71_31__-3_72_2021-01-17.jpg,621,559,711,737,illegal
-63_59__3_705_2020-09-13.jpg,362,731,407,849,illegal
-53_7__0_48_2019-09-24.jpg,759,107,827,172,illegal
-63_68__3_7_2019-02-26.jpg,401,453,428,476,illegal
-53_27__-0_03_2018-10-14.jpg,609,622,647,694,illegal
-53_19__-0_03_2018-10-14.jpg,206,1,268,88,illegal
-52_35__0_58_2019-09-24.jpg,180,729,241,786,illegal
-63_71__2_485_2018-03-15.jpg,1,379,67,488,illegal
-53_3__-0_05_2019-09-24.jpg,553,565,618,631,illegal
-70_96__-3_81_2021-01-17.jpg,676,236,933,376,illegal
-63_31__3_58_2019-09-21.jpg,318,528,574,729,illegal
-71_35__-3_68_2021-01-17.jpg,548,305,631,484,illegal
-63_23__3_62_2019-09-21.jpg,798,169,946,226,illegal
-63_27__3_62_2019-09-21.jpg,263,882,409,966,illegal
-71_48__-3_52_2021-01-17.jpg,399,517,597,629,illegal
-59_2__2_23_2020-09-12.jpg,661,870,756,995,legal
-63_44__-10_0_2018-07-25.jpg,1,75,462,253,legal
-63_52__-10_08_2018-07-25.jpg,1,481,161,548,legal
-63_48__-9_92_2018-07-25.jpg,831,524,850,553,legal
-53_78__0_48_2019-09-24.jpg,647,280,749,441,illegal
-53_27__-0_07_2018-10-14.jpg,651,325,690,489,illegal
-63_31__3_58_2019-09-21.jpg,683,188,825,419,illegal
-53_86__0_32_2019-09-24.jpg,642,689,719,752,illegal
-70_96__-3_81_2021-01-17.jpg,78,299,237,405,illegal
